Flipon	miRNA	Gene Feature	Feature group	# of Genes	Gene List
z-dna	miR-147	Promoter (<=1kb)	any	117	1200007C13Rik,5330417C22Rik,6430548M08Rik,A830082K12Rik,Acvr2b,Adamts19,Adamts3,Adra2a,Ahnak2,Akain1,Arhgap44,Ascl1,Astn2,Barx2,Bend7,Bhlhe22,C2cd4a,Cacnb4,Camk2b,Cdh2,Cdh22,Cdkn1c,Cds1,Cebpa,Celf6,Cers6,Cfd,Ciz1,Clmp,Cmtm5,Cnksr2,Col27a1,Csgalnact1,Cspg5,Cxxc4,D630045J12Rik,Dpf1,Dscam,E130114P18Rik,Efna5,Egr3,Egr4,Ephx4,Esrrb,Fam189a1,Farp1,Fer,Frat2,Gdf10,Gfod1,Gli3,Glis3,Gm12859,Gm14494,Gm25239,Gm41804,Gm5602,Gm7084,Gpr156,H60b,Igf2bp2,Igsf21,Il17d,Irs1,Kcnc1,Kcnc2,Kcnc3,Kcnd3os,Kcnv1,Lrfn1,Lrrc26,M5C1000I18Rik,Mctp1,Mgat3,Mir343,Mycl,Nfib,Nkx1-1,Nos1,Nr1h2,Nr2f2,Ntrk2,Ociad2,Onecut2,P2rx2,Pde4c,Polrmt,Prkar1b,Prkd1,Ptpn5,Ptpre,Pygo1,Rasal3,Reps2,Rgmb,Rora,Sall4,Samd4,Scube2,Sez6,Sgms2,Shisa6,Slc27a2,Smad6,Sorcs3,Spats2,Speg,Sptb,Tal1,Tbc1d16,Tenm2,Trmt9b,Ttyh1,Upp1,Wnt2,Zbtb39,Zfyve28
z-dna	miR-210	Promoter (<=1kb)	any	326	1700016J18Rik,1700025G04Rik,1700041B01Rik,1700113H08Rik,2610316D01Rik,4833418N17Rik,4930478K11Rik,4930555G21Rik,4933428G20Rik,9430021M05Rik,9530036O11Rik,A730013G03Rik,A730035I17Rik,Acaca,Acvr2b,Adam12,Adamts20,Adcyap1r1,Adgrl3,Angpt4,Ank1,Anxa1,Aopep,Arhgap39,Arhgef15,Arhgef7,Asic1,Asxl3,Auts2,Axin2,BB031773,Bahcc1,Baiap2,Bean1,Boc,C130073E24Rik,C2cd4a,C4b,Cacna1d,Cacna1s,Cacnb1,Cacng3,Cadm4,Caly,Camkk1,Capsl,Ccdc149,Ccnd1,Cdh1,Cdh2,Cdh6,Celf4,Cep131,Cers6,Chrm2,Chst8,Cited1,Ciz1,Clmn,Col4a1,Coro6,Creb5,Crmp1,Crybg3,Csmd1,Ctbp2,Cuedc1,Cux2,Cxcl14,Cxxc4,Cyp1a1,Cyp2j8,Daam2,Dbn1,Dbndd2,Dchs1,Ddhd1,Ddn,Deaf1,Dlx5,Dmtn,Dpys,Drd4,Drp2,Efna3,Efr3b,Egr3,Elfn2,Epb41l1,Epha8,Ephb1,Epo,Erbb4,Etl4,Fam83c,Fbll1,Fgf1,Fgf18,Fgfr3,Fnbp1l,Foxn4,Foxp1,Foxp4,Foxs1,Frmd4b,Fst,Gabbr2,Gdf10,Gjb2,Glis1,Gm10087,Gm10549,Gm11650,Gm12723,Gm12773,Gm12827,Gm13330,Gm13611,Gm13647,Gm13658,Gm14067,Gm14205,Gm15046,Gm15155,Gm15179,Gm17184,Gm18076,Gm19426,Gm2102,Gm24420,Gm24513,Gm24597,Gm25239,Gm26562,Gm27627,Gm29491,Gm34799,Gm37402,Gm37437,Gm37549,Gm37609,Gm37644,Gm38128,Gm4042,Gm40922,Gm41361,Gm43112,Gm43664,Gm45169,Gm45439,Gm46224,Gm48471,Gm49154,Gm49422,Gm50162,Gm5878,Gm6420,Gm7107,Gm7276,Gm8010,Gm8888,Gm9364,Gm9416,Gm9768,Gpc1,Gpc6,Gpr149,Gpr153,Grb10,Gria2,Grin2a,Grin2b,Hmga2,Hoxa2,Hsd11b1,Htra1,Igfbp7,Il17d,Ildr2,Isl2,Ism2,Jag2,Kbtbd13,Kcng2,Kcnn2,Kcnq2,Kctd15,Krt17,Lat,Lemd1,Lhfpl2,Lingo2,Lonrf2,Lrfn1,Lrrc3b,Mamld1,Marveld1,Mdfi,Mdga1,Mecom,Megf10,Mgll,Minar1,Mink1,Mir3083,Mpp4,Mt3,Muc2,Mxi1,Mylk2,Myod1,Nav2,Nck2,Neurl1a,Nfix,Nlgn1,Nlgn2,Nlrp6,Nol4,Nol4l,Nos1,Npas3,Npffr1,Nrn1,Nrxn3,Nsun2,Ntm,Ntrk2,Nynrin,Obscn,Pantr1,Pclo,Pde10a,Pde4a,Peg3,Pitx1,Pitx2,Pkp4,Plcb1,Plcb4,Plk5,Plxna4,Podxl2,Ppip5k2,Prdm6,Prex2,Prrt4,Prrxl1,Prss56,Ptpn5,Ptpru,Ptprv,Rab3a,Rai2,Ralyl,Rapgef2,Rasal1,Rassf1,Rbfox2,Rbfox3,Rbpms,Rnf217,Rnf220,Rpl36-ps8,Rpl36-ps9,Samd14,Sardhos,Scarf2,Sdc3,Septin3,Serp2,Serpinb8,Serpind1,Sh3bgr,Shank1,Shroom3,Slc1a2,Slc22a23,Slc2a12,Slc6a15,Smarcd3,Sox14,Sox1ot,Sp8,Spint1,Spr-ps1,Srrm4,Ssbp3,St8sia3,Susd4,Syt13,Syt7,Tacc2,Tcf24,Tcf7l1,Tenm3,Tenm4,Tmeff1,Tmem119,Tmem158,Tmem196,Tnfaip2,Tns3,Tnxb,Tox2,Trank1,Trim3,Trim71,Trio,Trpc3,Trps1,Tsku,Tspan15,Ttc6,Ube2e2,Upp1,Vgf,Wfdc13,Wfdc2,Wnt10a,Wnt5a,Zbtb16,Zfp516,Zfp536,Zfp804b,n-R5s176
z-dna	miR-329/362	Promoter (<=1kb)	any	158	1700025L06Rik,1700067K01Rik,2010009K17Rik,5033426O07Rik,6030445D17Rik,9430021M05Rik,9530036O11Rik,Aatk,Acvr2b,Adamts12,Adamts20,Adcy6,Adcyap1r1,Agap1,Ahnak2,Ak5,Als2cl,Amz1,Ankef1,Anxa1,Arc,Asic1,Atp2b3,Auts2,B3gat1,Barx2,Bmp3,C4b,Ccdc68,Cdkn1c,Chdh,Chst8,Col4a1,Cyp19a1,Cyp2j8,D630003M21Rik,D630045J12Rik,Dapk1,Dgkg,Drp2,Egr3,Elfn2,Ephb1,Esrrg,Fbxl16,Fnbp1l,Foxo6,Gabrb1,Gfod1,Gfra2,Gm11847,Gm13647,Gm15202,Gm16076,Gm17180,Gm17590,Gm18076,Gm24368,Gm25239,Gm25715,Gm27627,Gm29508,Gm30162,Gm30731,Gm41361,Gm43566,Gm4710,Gm49601,Gm5250,Gpc6,Grem2,Grin2a,Gtf2ird1,Hoxa4,Hpcal1,Hsd17b4,Ifi44l,Igsf21,Inafm2,Kcnc1,Kcnd3,Kcne2,Klc3,Lin28a,Lingo1,Lzts2,Maf,Marchf9,Mark1,Marveld1,Meis2,Mgat3,Mink1,Mir670hg,Mrc2,Nebl,Neurog3,Nfia,Ngb,Nkx1-2,Nlrp5-ps,Nol4l,Nrn1,Ntm,Ntrk2,Nynrin,Olfr279,Onecut2,Osbpl3,Peg3,Perp,Phactr2,Plekha7,Plk5,Plppr1,Prcd,Prkg2,Prok2,Prrt4,Prss56,Pth1r,Ptpru,Ralyl,Rbfox3,Rimbp2,S1pr2,Sardhos,Sec1,Sema6a,Shroom3,Six3,Slc1a2,Slc4a2,Slit1,Smarca1,Srcin1,Susd4,Synj2,Tacc2,Tbkbp1,Tcte2,Tenm4,Tiam1,Tmem132d,Tmem151a,Tnrc6c,Tpm1,Tspan4,Tspan9,Tubb3,Ube2e2,Vmn1r-ps106,Vwa5b2,Wnt10a,Wnt7b,Xrcc1,Zfp521,Zfp804b
z-dna	miR-744	Promoter (<=1kb)	any	347	1500009L16Rik,4930442P19Rik,4930519K11Rik,9130213A22Rik,A330040F15Rik,A730035I17Rik,A830082K12Rik,Abi2,Acvr2b,Adamts1,Adamts20,Adamtsl5,Adcy7,Ago4,Ajap1,Ak5,Aldh1a2,Amigo1,Amotl1,Amotl2,Ank1,Ank2,Ankrd34b,Antxr1,Apcdd1,Aqp5,Arhgef10,Arhgef7,Arnt2,Asap1,Atoh7,Atp6v1c2,Auts2,BC067074,Barx1,Bend4,Bend7,Bmpr1a,C530008M17Rik,Cacna2d1,Camk2b,Camkk1,Caskin1,Ccdc105,Ccdc68,Ccser1,Cd34,Cdh23,Cdh4,Cfap100,Cftr,Chadl,Chd3,Chd5,Chn1,Chrna5,Chsy3,Clec2l,Cnih3,Cnksr2,Cntn1,Cntn5,Cobl,Col8a2,Coro2b,Cracr2b,Crhr1,Crhr2,Crim1,Crlf1,Ctbp2,Ctnnd2,D430041D05Rik,Dab2ip,Ddx25,Degs2,Deptor,Dlgap2,Dlgap4,Dnmbp,Doc2b,Dock1,Dock5,Dok7,Dst,Dusp8,Dusp9,E130114P18Rik,Ebf3,Ebf4,Ecel1,Efna5,Efnb2,Elf2,Entpd3,Epb41l1,Epb41l4b,Ephx4,Fam163b,Fam184a,Fam189a2,Fam78a,Fam83h,Fblim1,Fev,Fgf18,Fgf2,Fhad1,Fibcd1,Foxn4,Foxo3,Fsd1l,Fstl4,Fut9,Gabrq,Gad1os,Galnt2,Gata6,Gbx1,Gfod1,Gjc1,Gm12339,Gm13889,Gm15105,Gm15583,Gm16764,Gm17182,Gm20646,Gm24804,Gm26676,Gm26833,Gm28050,Gm29629,Gm38708,Gm43517,Gm45091,Gm47071,Gm47163,Gm4895,Gm5089,Gm53,Gm6277,Gm6623,Gm6659,Gm7107,Gm8983,Gm9001,Gnao1,Gpm6b,Grin1os,Gse1,Hacd1,Hcn1,Hcn2,Hecw2,Homer3,Hoxa13,Hoxc11,Hoxc9,Hpcal4,Hrh3,Hrk,Igfbp3,Igfbpl1,Ikzf2,Il17d,Ildr2,Insyn1,Isl1,Itga3,Jag2,Jmy,Kank4,Kazn,Kcnd3,Kcng1,Kcnj4,Kcnmb4,Kdelr3,Khdrbs2,Kif17,Kif27,L1cam,Lca5l,Lgi2,Lmo1,Lmx1a,Lonrf2,Lonrf3,Lrfn1,Lrfn3,Lrig1,Lrp3,Lrrc38,Lrrc75a,Ltbp4,M5C1000I18Rik,Maf,Maneal,Map7d2,Mast4,Mcam,Meioc,Mfsd4a,Mfsd6l,Mgat5b,Mir203,Mir34b,Mmp17,Mpped1,Mtcl1,Myrip,Nalcn,Nedd4l,Neo1,Nes,Neurl1b,Nexmif,Nfib,Ngef,Nkain2,Nos1ap,Nox4,Npr1,Nr2f2,Nrg1,Nrxn2,Nsd1,Ntrk1,Nxph4,Oaf,Osbpl6,Panx2,Paqr9,Pax9,Pcsk6,Pde3b,Pde8b,Pdgfc,Pdlim4,Pgbd5,Phf10,Pld1,Plxdc1,Plxna2,Pm20d2,Pmp22,Pnck,Ppp1r9a,Prdm16os,Prmt8,Prok2,Prss21,Pth1r,Ptpn12,Ptpn14,Ptprd,Ptprk,Ptprm,Ptprs,Ptprz1,Rad51ap2,Radil,Rasgef1a,Rasgef1c,Rbfox3,Rbms1,Rbmxl2,Rbp4,Rbpms,Rbpms2,Reln,Rgmb,Rhou,Rimklb,Rims4,Rnf165,Ror1,Rxra,Ryr3,Sall3,Scarf2,Scn3b,Scn8a,Scube2,Sel1l3,Septin5,Sertad4,Sirpa,Slc24a4,Slc4a4,Slit1,Smarcd3,Snx24,Sp9,Spred1,Sptbn2,Src,Srcin1,Stk32c,Stxbp5l,Sybu,Syne2,Syngr3,Syt15,Tafa5,Tbx21,Tcea3,Tcfl5,Tead1,Tead4,Tjp1,Tle1,Tmem158,Tmem178,Tmem30b,Tmod2,Tnfaip8l3,Tnfrsf11a,Tpbgl,Trank1,Trp73,Tspan15,Tspan4,Tspan9,Ttyh1,Tunar,Ugt8a,Unc5a,Unc5d,Uncx,Usp13,Vash1,Vash2,Vat1l,Vegfc,Wipf1,Wnt5b,Wnt6,Wnt9b,Zbtb7c,Zfp385b,Zfp516,Zfp521,Zfp618,Zfyve28,Zswim5
g4	miR-532	Promoter (<=1kb)	any	231	2610035F20Rik,9030624G23Rik,9130213A22Rik,9130410C08Rik,A730056A06Rik,Acvr1c,Adam11,Adamts18,Adamts5,Adamts9,Adgrb1,Adgrl1,Ago1,Anks1,Apba1,Apbb2,Aplp1,Arhgef28,Asb10,Aspg,Asxl3,B4galnt4,Bmp1,Bves,CK137956,Cadm3,Card10,Ccdc88b,Ccdc92,Cd63,Celf3,Celf5,Cep170b,Cfd,Cited4,Cldn23,Cnr1,Cntn2,Col16a1,Cracr2b,Ctbp2,Cthrc1,Ctnnd2,Cysrt1,D630045J12Rik,Dbndd1,Dctn1,Ddn,Ddr1,Dgki,Dixdc1,Dlk1,Dpyd,Ece2,Efna3,Eml5,Enah,Esrp2,Fam220a,Fam57b,Fam83h,Fev,Fgf3,Fgfr2,Fhl1,Flrt2,Flvcr2,Fndc1,Foxn3,Foxp4,Frrs1l,Fst,Gal3st3,Gata2,Gdf7,Gfra2,Glis1,Glis2,Gm10432,Gm11223,Gm12358,Gm12451,Gm13861,Gm15968,Gm16183,Gm16617,Gm21297,Gm21989,Gm22021,Gm2415,Gm24475,Gm266,Gm28294,Gm30292,Gm32880,Gm37430,Gm37477,Gm40513,Gm40848,Gm40849,Gm42991,Gm4425,Gm44966,Gm45168,Gm45169,Gm48037,Gm48042,Gm48636,Gm48667,Gm48981,Gm49227,Gm49330,Gm49697,Gm49929,Gm5953,Gm9229,Gm9257,Gpc1,Gpr12,Gpr20,Hdac9,Hoxb9,Hpn,Insyn1,Irx3os,Itgb4,Itpr2,Kalrn,Kcnd3os,Kcnip2,Kcnj4,Kcnk1,Kcnt2,Klk13,Klk8,Lgr5,Lhx9,Lysmd2,Map1a,Mex3d,Mir6363,Mpp2,Mrc2,Mxd4,Myh10,Nccrp1,Ndrg4,Nfatc4,Nhsl2,Ninl,Nnat,Nol4,Nos1,Nova1,Nrcam,Nrep,Nrg2,Onecut2,P3h2,Pak6,Pantr1,Pcdh15,Pcdh18,Pcolce,Pdgfa,Pdzd7,Phf24,Pias3,Pitx1,Pkp3,Plch2,Pld5,Plk5,Podn,Pou2f2,Ppp2r5c,Prr18,Prrg3,Prss56,Ptgfrn,Ptov1,Ptpn14,Qrich2,Ramp1,Ramp2,Rapgefl1,Rflna,Rfx8,Rhod,Rims2,Rims4,Rin2,Rprm,Rprml,Rps6ka6,Rtbdn,S1pr5,Scube3,Sema3b,Sfrp5,Sh3tc2,Shc4,Slc22a17,Slc27a1,Sorbs3,Sp9,Srcin1,St6gal2,Steap2,Stx4a,Sulf1,Sync,Syngr1,Tcf7,Tmem151b,Tmem178,Tns3,Tpm2,Tpte,Trim71,Trp73,Trpv4,Tspan12,Tspan9,Wnt6,Wnt7b,Wt1,Wwp2,Zbtb16,Zdhhc22,Zfpm2
g4	miR-491	Promoter (<=1kb)	any	219	1700003F12Rik,1700013N06Rik,Adcy5,Adgrb2,Ak5,Alox12e,Ank3,Anks1b,B230323A14Rik,Barhl1,Basp1,Bicdl1,Bmp1,Cacna1i,Cacna2d3,Cacnb3,Camkv,Car11,Cbx8,Ccdc120,Ccdc88b,Cdh2,Cdhr5,Cdkl1,Celf5,Celsr2,Cep112,Cntn2,Col5a1,Cpne5,Csmd2,Cxadr,Cxxc5,D030025P21Rik,D630045J12Rik,Dapk2,Dbn1,Dcun1d4,Dlgap3,Dlk2,Dlx1,Dmpk,Dok4,Dpysl5,Entpd3,Erc2,Fam227a,Fam78a,Fam89a,Fat3,Fbn1,Fbxl16,Fermt2,Fgf20,Fgf8,Flvcr2,Fmnl2,Foxb1,Foxe1,Foxf1,Fzd2,G0s2,Gad1,Gata6,Gjb2,Gm10129,Gm10354,Gm13344,Gm15040,Gm15966,Gm17019,Gm19345,Gm19426,Gm20447,Gm26771,Gm27239,Gm28294,Gm30893,Gm37477,Gm40848,Gm41804,Gm44700,Gpha2,Grb14,Grid2,Grik3,H2-Q2,Hand2os1,Hmx3,Hotairm1,Hoxb8,Hoxc11,Hoxc4,Hoxd12,Hoxd13,Hoxd4,Htatsf1,Igf2bp3,Igfbp5,Igsf21,Il1rl2,Iqsec3,Irx2,Itga3,Kcne1l,Kcnh5,Kcnj6,Kcnq2,Kirrel,Larp6,Lbhd2,Lcmt1,Lif,Lmtk3,Ltbp3,Magi2,Mapre3,Marchf11,Marchf4,Matn4,Mdfi,Med25,Mex3d,Mgat3,Mir8104,Mirlet7e,Mmp2,Mylk,Nckap1,Nfib,Nkd1,Nlgn1,Nmnat2,Nox4,Npas3,Nr3c2,Nrbp2,Nrg1,Ntrk3,Nxnl2,Ogdhl,Onecut2,Opcml,Osbpl10,Otop1,Otx2os1,Papln,Pbx1,Pcdh18,Pde2a,Pdgfa,Phf21b,Pianp,Pknox2,Plcb3,Plcxd1,Plekhd1,Plxna1,Prkg2,Prm3,Prph,Prr18,Prrt1,Prrx2,Ptprs,Ptpru,Rgmb,Rnd3,Ror1,Rora,Selenov,Sema6a,Serpinb6a,Sez6l,Shisa9,Slc10a4,Slc27a1,Slc44a5,Slitrk5,Snurf,Snx31,Sox5os4,Spaca6,Speer4d,Speg,Spock2,Sptbn4,St8sia5,Stk39,Stx4a,Sv2c,Syne2,Tal2,Tead2,Tead3,Themis3,Tmem119,Tmem132d,Tmem151a,Tns3,Tnxb,Tshz3,Tubb3,Unc5d,Uncx,Vax2,Vegfc,Vipr1,Vstm2a,Wdfy3,Wdr47,Wnk2,Wnt4,Zbtb7c,Zfp385a,Zfp423,Zfpm2,Zic2,Zic5
g4	miR-423	Promoter (<=1kb)	any	341	1200007C13Rik,1700016P03Rik,1700018A04Rik,1700025G04Rik,1700039E22Rik,1700128F08Rik,2210011K15Rik,2810410L24Rik,3110082J24Rik,4930563I02Rik,4933439N14Rik,5730437C11Rik,9130213A22Rik,AC160993.1,Abhd17a,Adamts3,Adcy2,Agrn,Ak4,Alox15,Amotl1,Apba1,Arhgap23,Arhgap42,Arhgap8,Arhgef17,Arhgef5,Aspg,Auts2,B230312C02Rik,B4galnt4,Bahcc1,Barx2,Basp1,Bcar1,Bdnf,Begain,Bmp4,Bmp7,Bmpr1a,Brinp1,Brsk2,Cabp1,Cacna1b,Cacna1g,Cacna2d2,Cacng7,Cadm1,Camk2g,Camk2n1,Caskin2,Cbln1,Ccdc160,Celsr3,Cep170b,Chst1,Cldn23,Cmtm4,Cntn5,Col8a2,Cpa2,Cpeb1,Crb3,Creb5,Csmd1,Ctbp2,Cxxc5,Cysrt1,Dab2ip,Dbn1,Dbndd1,Dbx1,Dclk3,Dipk1b,Dipk1c,Dlg4,Dlgap3,Dlk2,Dmpk,Doc2a,Dpyd,Eda,Elfn1,Elmod1,Emc10,En1,Enho,Ephb6,Eps8l2,Erbb4,Erfl,Fads3,Fam81a,Fblim1,Fcnaos,Fer,Fgf8,Fgfr3,Fgfrl1,Fhl1,Fignl2,Flt4,Flvcr2,Fndc3c1,Foxa1,Foxl2os,Foxp4,Frrs1l,Fxyd1,Gas7,Gata3,Gfra1,Glb1l2,Glis2,Gm11729,Gm13404,Gm15469,Gm15583,Gm15704,Gm18305,Gm19426,Gm23363,Gm24447,Gm25262,Gm27032,Gm28309,Gm29683,Gm31166,Gm35110,Gm44700,Gm45168,Gm47297,Gm47385,Gm5577,Gm8010,Gm9229,Gpc1,Gpc4,Gpc6,Gpr83,Grb14,Gria4,Grik5,Grip1,H2-Bl,Hacd4,Has2os,Hcn2,Hdac9,Hid1,Hmx2,Hmx3,Hoxa10,Hspa12b,Igfbp3,Iglon5,Ikzf2,Il17d,Inava,Insm2,Insyn1,Irs1,Irx2,Irx5,Jag2,Jazf1,Jph3,Jph4,Kalrn,Kcnc1,Kcng1,Kcnh2,Kcnn2,Kcnq2,Kcnq4,Kif1a,Kifc3,Klf14,Krt79,Lemd1,Lhfpl4,Lhx2,Lhx6,Lrmda,Lrp1,Lrp3,Lrrc3,Lrrc4b,Lrrc75b,Ltbp4,Mad2l2,Map3k10,Mapk13,Matn3,Mdga1,Me1,Med12l,Megf11,Mei4,Mertk,Mid2,Mir3083,Mir615,Mir670hg,Mmp2,Mpped2,Mrap2,Mrc2,Myo6,Myom3,Myrip,Ndrg2,Neo1,Neurl1b,Neurog3,Nfix,Nkd1,Npnt,Nr2e1,Nrg3,Nxnl2,Olfr1372-ps1,Ovol2,Pak6,Parvb,Pawr,Pcbp4,Pde2a,Pde4a,Pde5a,Pde9a,Pdgfa,Pgm5,Phactr1,Phldb1,Plagl1,Plekha8,Plekhg6,Plekhh3,Plxnb1,Prdm16os,Prelid3a,Prickle2,Prkag2,Prokr2,Prox1,Prrt1,Prss56,Pth1r,Ptov1,Ptprf,Ptprn2,Ptprs,Ptprz1,Pxdn,Rapgef4,Rasl10b,Rassf10,Rassf8,Rbpms,Rbpms2,Reln,Reps2,Rimkla,Rims1,Rims4,Rnaset2b,Rora,Rprm,Scn3b,Scube2,Scube3,Sdk2,Sh3pxd2a,Shank1,Shank3,Sim2,Slc29a4,Slc30a10,Slc38a3,Slc44a1,Slc4a2,Slc4a3,Slc6a4,Slc7a2,Slit3,Smad6,Smoc1,Sned1,Sorbs3,Sox10,Sox1ot,Sox7,Sp5,Spaca6,Spire2,Sptbn1,Sptbn4,Sstr3,St8sia2,Stum,Syndig1l,Syngap1,Syngr3,Syt14,Syt9,Taf7l,Tanc1,Tbkbp1,Tbx1,Tc2n,Tcf20,Tcf7l1,Tead3,Tfap2a,Thra,Tmem145,Tmem151b,Tmem200c,Tmem28,Tns1,Tns2,Tox3,Trim2,Tsc22d1,Tshz3,Tspan4,Ttbk1,Ttyh1,Ube2e2,Unc5a,Vax2,Vgll3,Vipr2,Wnt7a,Wt1os,Ybx2,Ypel1,Zfp385a,Zfp516,Zfpm2
g4	miR-296	Promoter (<=1kb)	any	273	2900026A02Rik,4930430O22Rik,4930478K11Rik,4930488L21Rik,9030612E09Rik,9130213A22Rik,9430041J12Rik,A330009N23Rik,A730056A06Rik,A830082K12Rik,Acot12,Acvr2b,Adamts18,Adamts3,Adamts9,Adcy6,Adgrb1,Adgrb2,Adora1,Afap1l1,Ajap1,Amn,Ank1,Ankrd34b,Arhgap22,Arhgap23,Arhgap39,Arhgef25,Atp2c2,Axin2,B230312C02Rik,Barhl2,Basp1,Bdnf,Begain,Bend7,Bfsp1,Bmp6,C1ql1,Cacna2d2,Car9,Caskin2,Ccdc188,Ccdc40,Ccdc92b,Ccno,Cdc14b,Cdc42bpb,Cdh13,Cdh3,Cep170b,Chrna4,Chst1,Clmn,Col13a1,Col8a2,Cracr2b,Cttn,Cux2,Cyp2w1,D630045J12Rik,Dab2ip,Dhh,Dip2c,Dlx6,Dmbt1,Dmtn,Dnaja4,Dnm1,Dock7,Drd2,Dscam,E130101E03Rik,Ebf4,Egr4,Elovl7,Erfl,Etl4,Evc2,Fam189a2,Fam83f,Fcnaos,Fgd1,Fgfrl1,Fhod3,Fxyd1,Gabrq,Galnt14,Gjc1,Gm10419,Gm11100,Gm11839,Gm11841,Gm12830,Gm12930,Gm14169,Gm14261,Gm15046,Gm1673,Gm20447,Gm24368,Gm32693,Gm37477,Gm37811,Gm37974,Gm40513,Gm41361,Gm42778,Gm42901,Gm44700,Gm45441,Gm47297,Gm4793,Gm50475,Gm9925,Gnai1,Gnb3,Gpr153,Grm2,Has2os,Hnf1a,Hoxa10,Hoxa13,Hoxb7,Hoxd13,Igdcc3,Igdcc4,Igf2,Igf2os,Iglon5,Il11,Il17d,Insm2,Insyn2a,Irx6,Ism1,Ism2,Jam2,Kcnj10,Kcnt1,Kctd15,Kif5c,Klf14,Lbx1,Lhcgr,Lingo1,Lmtk3,Loxhd1,Lrfn1,Ltbp4,Ly6h,Macrod2,Magi3,Map6d1,Map7,Map9,Mapk13,Mdga1,Me1,Med12l,Mgat5b,Mink1,Mir3547,Mir6991,Misp,Mmp24,Mpped1,Mpped2,Msi1,Mst1r,Msx1,Mtss2,Nckap5los,Nectin2,Nes,Neurl1a,Neurod2,Neurog1,Nhsl1,Nkain2,Nkx2-4,Npffr1,Npnt,Nrep,Ociad2,Odf3,Onecut2,Osbp2,Otx1,Paqr9,Pcgf2,Pde4b,Pdk4,Peg12,Phf13,Pitx1,Plekha8,Ppfia4,Ppp1r1b,Ppp2r2c,Ppp4r4,Prdm16,Prima1,Prrt4,Psd2,Ptch2,Ptov1,Ptprg,Ptprs,Rab15,Rap1gap,Rapgefl1,Rcor2,Reln,Reps2,Rhcg,Rhebl1,Rhpn1,Rims4,Rnd2,Rspo3,Rxra,Sbspon,Selenov,Sh3rf3,Shank3,Shroom2,Slc30a10,Slc35d3,Slc6a17,Slc7a10,Slit1,Smc1b,Snx31,Spaca6,Speg,Sppl2b,Sprn,Sptb,Srcin1,Ssbp2,Sspo,Stbd1,Stum,Stx3,Tafa5,Tbkbp1,Tbx18,Tbx21,Tc2n,Tcfl5,Tent5a,Tgm2,Thra,Tlx3,Tmem121,Tmem151b,Tmem229a,Trank1,Trp73,Ttyh3,Twist1,Ube2ql1,Ucp1,Vash2,Vstm2b,Vsx2,Wnt3a,Wtip,Zfp523,Zfp536,Zfp664,Zfp853
g4	miR-744	Promoter (<=1kb)	any	664	1700030C10Rik,1700039E22Rik,2510009E07Rik,4930432H08Rik,4930488L21Rik,5730437C11Rik,9130213A22Rik,9530036O11Rik,9530059O14Rik,A730013G03Rik,A830082K12Rik,Abat,Ablim2,Abr,Acsl6,Actl6b,Actn1,Acvr1,Acvr2b,Adam23,Adamts14,Adamts19,Adamts20,Adamts7,Adgra2,Adgrb1,Adra2c,Adrb1,Ahnak2,Ajap1,Ak4,Ak5,Akain1,Ank1,Ankrd31,Apba1,Aqp5,Arap3,Arhgap22,Arhgap23,Arhgap28,Arhgap8,Arhgef10,Arhgef17,Arhgef19,Arhgef25,Arhgef40,Arhgef7,Arpp21,Artn,Arvcf,Ascl1,Aspg,Asphd2,Asxl3,Atp1b2,Atp2b2,Atp8a2,Auts2,Axin2,B130046B21Rik,B3gat1,B3gat2,B4galnt4,B4galt6,BC034090,Baiap2l2,Barhl2,Barx1,Basp1,Bcl11b,Bcorl1,Bean1,Begain,Bend7,Bfsp1,Bmp1,Bmp6,Bmper,Bmpr1a,Brsk2,Bsx,C130073E24Rik,C1ql2,C530008M17Rik,C77080,Cabp1,Cacna1a,Cacna1c,Cacna2d1,Cacna2d2,Cacnb4,Cadm1,Camk2b,Camk2n1,Camta1,Car10,Caskin1,Ccdc183,Ccdc184,Ccdc40,Ccnd1,Cdc42bpb,Cdkl4,Cdkn1c,Cdx1,Celf2,Celsr1,Cep170b,Cfd,Cgn,Chn1,Chrd,Chrna5,Chst8,Cilk1,Clmn,Clstn1,Cmtm4,Cntn1,Col22a1,Col8a2,Comp,Coro6,Cpeb1,Cpne5,Cpne7,Cpne8,Cpxm2,Crb2,Crhr1,Crim1,Crip2,Crlf1,Crmp1,Cspg5,Ctbp2,Ctdspl,Ctnnd2,Ctsf,Cttn,Cxxc5,Cyp26b1,D430041D05Rik,D930020B18Rik,D930028M14Rik,Dab1,Dact1,Dbn1,Dbndd2,Dchs2,Dclk3,Dcun1d4,Degs2,Dhh,Dio3os,Dipk1c,Dleu7,Dlg3,Dlg5,Dmbx1,Dnaja4,Dnajc6,Doc2a,Dock7,Dok6,Dok7,Draxin,Drd2,Dst,Duoxa1,Dusp9,Ebf3,Ebf4,Efemp2,Efhd1,Efna3,Elavl4,Elmod1,Emx1,En2,Epb41l1,Epb41l4b,Epha7,Ephx2,Ephx4,Epn2,Eps8l2,Erbb3,Erc2,Etnk2,Etv4,F2r,Fads3,Fam171a1,Fam189a2,Fam217b,Fam83h,Fam89a,Fam92b,Farp1,Fblim1,Fbln5,Fbn2,Fbxl16,Fer,Fermt2,Fev,Fgd1,Fgd5,Fgf12,Fgf3,Fgf8,Fgfr3,Fgfrl1,Fhod3,Fignl2,Flnc,Fndc3c1,Fndc5,Fosb,Foxg1,Foxl1,Frzb,Fsd1l,Fzd10os,Fzd2,G430095P16Rik,Gabrd,Gabrg3,Gad1os,Gal3st3,Galnt9,Garem2,Garnl3,Gas6,Gbx1,Ggh,Gja4,Glb1l2,Gm10044,Gm11639,Gm11650,Gm11837,Gm13034,Gm13135,Gm13136,Gm13231,Gm13889,Gm14964,Gm15217,Gm15583,Gm15690,Gm15816,Gm17182,Gm19345,Gm20621,Gm2102,Gm26704,Gm2694,Gm28050,Gm29707,Gm2990,Gm35040,Gm37136,Gm37477,Gm37974,Gm40513,Gm40848,Gm41361,Gm41804,Gm42778,Gm43566,Gm43823,Gm43957,Gm44304,Gm44732,Gm45441,Gm45447,Gm47163,Gm49890,Gm49937,Gm50475,Gm5177,Gm6277,Gm715,Gm7217,Gm8909,Gm9229,Gm9925,Gmnc,Golga7b,Gpc1,Gpr160,Gpr3,Gprc5b,Gprin1,Grik4,Grin1os,Grin2c,Gse1,Gsg1l2,Gxylt2,H2-Q10,H2-Q2,H2-Q3,Hap1,Hapln2,Hdac9,Heyl,Hic1,Hivep3,Hoxa10,Hoxa13,Hoxa4,Hoxa6,Hoxd1,Hr,Hrk,Hs3st6,Hsd11b2,Hsf4,Hspg2,Htra1,Hunk,Iffo2,Igdcc3,Igf1r,Igf2os,Ihh,Il11,Il17d,Il17rc,Irx3os,Ism1,Itga3,Itpka,Jakmip1,Jazf1,Jhy,Jph4,Kalrn,Kcna4,Kcnd2,Kcnh2,Kcnh7,Kcnip2,Kcnip3,Kcnq1,Kcnq2,Kcnq4,Kcnt1,Kctd15,Kif19a,Kif3a,Kl,Klf4,Klhl34,Klk11,Kndc1,Lama1,Large1,Lbx1,Lhfpl2,Lhx3,Lhx8,Lix1l,Lrig1,Lrp1,Lrrc3,Lrrc4b,Lrrc75a,Ly6h,Lypd6,Magi2,Map4k3,Map7d2,Marchf10,Marchf9,Mcam,Mdga1,Megf6,Mfap2,Mgat3,Mir124a-3,Mir34b,Mir5126,Mmp24,Mn1,Mpp3,Mpped1,Msi1,Mst1r,Mtss2,Myo15,Myo16,Myom3,Myrip,Nckap5,Ndst3,Nefh,Nell1,Neto2,Neurl1a,Neurl1b,Nfib,Nfix,Nkain2,Nkd1,Nkx2-2,Nkx2-4,Nkx2-9,Nlgn2,Nlrp5-ps,Nmnat2,Nnat,Nol3,Nol4l,Nos1ap,Npas2,Npas4,Npnt,Nrbp2,Nrn1,Nsd1,Ntf5,Ntn1,Ntn3,Ntrk1,Nxph4,Olfm1,Olfm2,Ovol2,Pacs2,Pak1,Paqr3,Pard6b,Parp16,Pawr,Pax3,Pclo,Pcsk4,Pde2a,Pde9a,Pdgfb,Peg12,Peg3,Peli3,Pex5l,Phactr1,Phf13,Phf21b,Phldb1,Pik3cb,Plcxd1,Plekhg1,Plekhg5,Plk5,Plod2,Plppr3,Plxna2,Plxnb2,Pnck,Pnma2,Ppm1j,Ppp1r26,Ppp1r9a,Ppp4r4,Prdm16,Prdm8,Prkd1,Prkra,Prrt1,Prss23,Ptch2,Ptgfrn,Pth1r,Ptov1,Ptpn12,Ptprd,Ptprz1,Rab11fip4,Rab34,Rac3,Ralgds,Ralgps1,Ralyl,Rapgef4,Raph1,Rarg,Rasd2,Rasgef1b,Rasgef1c,Rassf5,Rbms1,Rbpms,Rbpms2,Rem1,Reps2,Rfx6,Rgma,Rgs11,Rhod,Rhou,Rhpn2,Rimkla,Rimklb,Rims1,Rims2,Rims3,Rims4,Ripk4,Ripply3,Rnd2,Rnf165,Rnf220,Rprml,Rtl4,Rtn4r,Rtn4rl2,Runx1t1,Rxra,Ryk,Sall3,Samd14,Scamp1,Scarf2,Schip1,Scn8a,Scube2,Scube3,Sema3f,Sema5a,Septin4,Septin5,Serp2,Serpine2,Sertad4,Sez6,Sez6l2,Sfrp1,Sh2d3c,Sh2d4a,Sh3pxd2b,Shank2,Shisal1,Shroom3,Slc12a5,Slc12a7,Slc29a4,Slc30a3,Slc38a3,Slc41a2,Slc41a3,Slc7a2,Slc9a2,Slit3,Smad6,Smim1,Sntb2,Snx24,Snx31,Soga1,Sox5os4,Sox6,Sp5,Sp6,Spaca6,Specc1,Spint1,Spire1,Spire2,Sppl2b,Sptb,Sptbn1,Src,Srcin1,Ssbp2,St6galnac2,Stk32c,Stox1,Stox2,Stxbp5l,Sulf2,Sycp2,Syndig1l,Syne2,Synpr,Syt14,Syt9,Taf7l,Taf9b,Tafa5,Tanc1,Tbc1d12,Tbx1,Tbx21,Tcf7,Tdrd5,Tdrd7,Tgm2,Thsd7b,Timp3,Tjp1,Tmc5,Tmcc2,Tmeff1,Tmem117,Tmem151b,Tmem178,Tmem200c,Tmem229a,Tmem246,Tmem30b,Tmem45b,Tnrc18,Tns2,Tox3,Tpm2,Trabd2b,Trank1,Trim36,Trim62,Trnp1,Trp73,Trpc1,Trpm4,Tspan17,Tspan33,Tspan7,Tspan9,Ttbk1,Ttc28,Ttyh1,Tub,Twist1,Ube2e2,Ube2ql1,Ugt8a,Unc5a,Unc5d,Vangl1,Vash2,Vax2,Vgll2,Vil1,Vipr2,Vwa5b2,Wasf3,Wnk2,Wnt2b,Wnt3a,Wnt4,Wnt7a,Wnt9a,Wtip,Wwc2,Xkr7,Yap1,Zfhx3,Zfp618,Zfp64,Zfp704,Zswim6
g4	any	Promoter (<=1kb)		237	2210011K15Rik,4930426D05Rik,4930432H08Rik,4930544D05Rik,AI507597,Abhd17a,Adam11,Adgrb1,Adgrb2,Adgrl1,Agrn,Anks1,Apba3,Arhgef19,Asb10,Aspg,Avp,BC024139,Baiap2l2,Baiap3,Brsk2,Bsx,Btbd18,Cacna1g,Cacna1h,Cacna1i,Caskin2,Ccdc183,Ccdc92b,Cdh22,Cdh23,Cdhr5,Cdsn,Celf6,Celsr2,Cep170b,Cfd,Chtf18,Col11a2,Col16a1,Col18a1,Comp,Cpne7,Ctnnd2,Cttn,Cux2,Cyp26c1,D030025P21Rik,Dbn1,Dctn1,Dlg4,Dlgap3,Dmbt1,Dmpk,Dnah2,Duoxa1,Echdc2,Emc10,Epb41l1,Eps8l2,Erg,Espnl,Fam20c,Fam83h,Fcnaos,Fgfr3,Fgfrl1,Flywch1,Fndc1,Gabrq,Ggt7,Gjd3,Gm10318,Gm11639,Gm12497,Gm13241,Gm13404,Gm13904,Gm15469,Gm15583,Gm15690,Gm15966,Gm15968,Gm16183,Gm16240,Gm16617,Gm19129,Gm20481,Gm21956,Gm22291,Gm24475,Gm26771,Gm27852,Gm28294,Gm2897,Gm31166,Gm32693,Gm33586,Gm37430,Gm40849,Gm41414,Gm4247,Gm43680,Gm43957,Gm44304,Gm44700,Gm4705,Gm47297,Gm49146,Gm49472,Gm49929,Gm50307,Gm5466,Gm7217,Gm7224,Gm8909,Gm9353,Gm9449,Gmnc,Gnao1,Gpc1,Gpha2,Gpr3,Gpt,Grik5,Gsn,Haglr,Htr2a,Igsf9,Itgb4,Jag2,Jakmip3,Kcnj11,Kcnk9,Kcnt1,Kif26a,Klk11,Krt24,Krt28,Krt79,Lbhd2,Lhx3,Lif,Lmtk3,Loxhd1,Lrp8,Lrrk2,Magi2,Map3k15,Matn3,Mcrip2,Med25,Meioc,Mest,Mex3d,Mink1,Mir3547,Mirlet7e,Mroh6,Mtss2,Myh7b,Mylk,Myo15,Myom3,Nat3,Nckap5los,Nos1,Npffr1,Nr1h2,Nrxn1,Nrxn2,Odf3,Omp,Pcbp4,Phldb1,Pias3,Plcb3,Plch2,Plekhg4,Plk5,Plxnb2,Polrmt,Prdm16,Prm3,Prph,Prss43,Prss56,Psd,Ptov1,Ptpn5,Ptprf,Ptprs,Ptpru,Qrich2,Rhpn1,Rnaset2b,Scube3,Sema4f,Sez6l2,Sfi1,Sipa1l3,Slc12a5,Slc25a22,Slc27a1,Slc5a1,Slco2b1,Smc1b,Sohlh1,Sox5os4,Spag6,Sppl2b,Sspo,St8sia5,Syngap1,Syngr1,Taf9b,Tbkbp1,Tcfl5,Tex13b,Tle2,Tmem121,Tmem239,Tnk2,Tnxb,Trim3,Trpm4,Trpv4,Tsc2,Ucp1,Unc5a,Vwa5b1,Wdr13,Wdr90,Zap70,Zfp523,Zfp579,Zfp853
h-dna	any	Promoter (<=1kb)		52	9430014N10Rik,Add2,Arhgef17,Axin2,Cacna1i,Clec11a,Eps8l2,Fbxo24,Gm10354,Gm15419,Gm15690,Gm18985,Gm20484,Gm24429,Gm28294,Gm28577,Gm43401,Gm44450,Gm48803,Gm49269,Gm49472,Gm7622,Gm8540,Gm8705,Gm9758,Has2os,Kcp,Kndc1,Lingo1,Lrrk2,Mir6240,Mogat1,Mypn,Nrxn2,Olfr377-ps1,Pard3bos2,Pitx2,Pkp3,Ptprg,Rbfox1,Rpgrip1,Serpina3c,Slc44a3,Slit3,Spata31d1b,Speer4b,Srrm4,Tnk2,Tph1,Wfdc13,Zswim2,n-R5s33
sidd	any	Promoter (<=1kb)		108	4921511I17Rik,4933407K13Rik,9530036O11Rik,Adamts7,Alox5ap,Anks1,Ano2,Bahcc1,Bcan,Bpifb4,Cacna1b,Capsl,Ccn4,Celsr2,Cited1,Cmah,Cntfr,Col11a2,Col2a1,Csmd1,Dmkn,Engase,Fsip2,G0s2,Glis1,Gm10698,Gm11225,Gm11946,Gm12339,Gm12497,Gm13554,Gm13668,Gm15202,Gm17590,Gm18243,Gm2474,Gm25229,Gm25852,Gm25948,Gm26504,Gm26913,Gm27483,Gm27852,Gm28419,Gm35610,Gm36330,Gm37280,Gm37609,Gm4247,Gm43856,Gm44636,Gm45164,Gm45647,Gm4779,Gm48092,Gm4895,Gm49012,Gm5240,Gm5253,Gm5837,Gm6946,Gm7103,Gm8815,Gnao1,Hgfac,Ifi47,Jag2,Kcnip1,Kif26a,Kifc3,Lrp11,Lrrc45,Map7,Mgat4b,Mif-ps3,Mill1,Mir149,Mir6240,N4bp2l1,Nacc2,Notch4,Notum,Nt5dc2,P2ry2,Panx2,Pcbp4,Pdk4,Pla2g4b,Plekhg5,Polrmt,Ppfia4,Psd,Ptprf,Rcvrn,Rho,Rnf170-ps,Rpl31-ps1,Sec14l3,Sox10,Th,Thbs4,Trgv3,Trp73,Wnt11,Zfp982,Zfp988,Zfpm1,Zmynd11
z-dna	any	Promoter (<=1kb)		142	1110060G06Rik,1700025L06Rik,1700041B01Rik,4930555G21Rik,Abhd17a,Adamts12,Amz1,Angpt4,Ank1,Anxa1,Aopep,Arap1,Bace2,Bahcc1,Brsk2,Cacna1d,Cacna1h,Cacnb1,Ccdc149,Cep170b,Cetn1,Cfd,Chd3,Cmtm5,Crybg3,Cuedc1,Cux2,Cyp2j8,Deaf1,Elfn2,Enah,Fam83c,Fbxo10,Fgfr3,Fgfr4,Foxs1,Gabrq,Gm10087,Gm12723,Gm13611,Gm13647,Gm13658,Gm14067,Gm14163,Gm15202,Gm15583,Gm15603,Gm16270,Gm16280,Gm17180,Gm17590,Gm24597,Gm25715,Gm25852,Gm26562,Gm26676,Gm27627,Gm37402,Gm37549,Gm37609,Gm4042,Gm40849,Gm43112,Gm43664,Gm47907,Gm48471,Gm4895,Gm49422,Gm4972,Gm5250,Gm5855,Gm5878,Gm7084,Gm8909,Gm9001,Gm9416,Gpc1,Gpr137b,Gpr153,Hsd17b4,Ifi44l,Il17re,Jag2,Kcne2,Kcnh2,Kcnip1,Kcnn1,Kcnq1,Krt17,Krt83,Lrp1,Meg3,Miga2,Mink1,Mir343,Mpp4,Mrc2,Muc2,Myh14,Mylk2,Nck2,Nfia,Ngb,Nlrp5-ps,Nos1,Npffr1,Nr1h2,Obscn,Olfr1349,Olfr279,Olfr377-ps1,Osbpl3,Pde4c,Ppip5k2,Prelid3a,Prss21,Prss56,Ptpru,Radil,Rasal1,Rasal3,Rasl10a,Rbfox3,Rbmxl2,Rpl36-ps8,Rps4l-ps,Sardhos,Sh3bgr,Shank3,Ssbp3,Sstr2,Tmem151a,Tnrc6c,Trim3,Tspan15,Unc13a,Vgf,Vmn1r-ps106,Wfdc13,Xrcc1,Zfp385b,n-R5s176
g4	any	Promoter (<=1kb)	CTCF	1	Gm43851
h-dna	any	Promoter (<=1kb)	CTCF	0	
sidd	any	Promoter (<=1kb)	CTCF	0	
z-dna	any	Promoter (<=1kb)	CTCF	1	Ano2
g4	any	Promoter (<=1kb)	LINE/LTR	84	1110002J07Rik,1700013N06Rik,1700128F08Rik,AC160993.1,Baiap2,C2cd4c,Cep112,Cux2,Cypt4,Fam227a,Foxn3,Fsip1,Gbp8,Gm10354,Gm11223,Gm12147,Gm12358,Gm12451,Gm13861,Gm14670,Gm15105,Gm15690,Gm15812,Gm16410,Gm17019,Gm17877,Gm18305,Gm18748,Gm20426,Gm22021,Gm22276,Gm22293,Gm24447,Gm24512,Gm25101,Gm25964,Gm26873,Gm28922,Gm30292,Gm32102,Gm32220,Gm32780,Gm32880,Gm33450,Gm34272,Gm39117,Gm42811,Gm42991,Gm43530,Gm43583,Gm44866,Gm44966,Gm47687,Gm48095,Gm48835,Gm48981,Gm49227,Gm49265,Gm50082,Gm50267,Gm50307,Gm5177,Gm8010,Gm8508,Gm9198,Gsg1l2,Htatsf1,Lcmt1,Mir6363,Olfr188-ps1,Olfr231,Olfr719-ps,Olfr745,Pemt,Prkcq,Prl3c1,Psg17,Sntg1,Speer4d,Sprr3,Sult1b1,Sycp1-ps1,Tpte,Vmn1r57
h-dna	any	Promoter (<=1kb)	LINE/LTR	34	4931429L15Rik,AC160993.1,Ap2m1-ps,Efcab5,Fbxw27,Fhl2,G6pc2,Gm12185,Gm12681,Gm136,Gm17877,Gm18808,Gm20528,Gm20617,Gm2199,Gm22890,Gm22914,Gm29776,Gm38055,Gm42557,Gm42811,Gm44405,Gm44610,Gm45147,Gm48913,Gm49200,Gm5108,Gm5777,Iigp1,Inpp4b,Nhsl2,Pard3,Socs6,Speer4d
sidd	any	Promoter (<=1kb)	LINE/LTR	413	1700003N22Rik,1700019G24Rik,1700082M22Rik,1700085C21Rik,2410003I16Rik,4831440D22Rik,4921531P14Rik,4921533I20Rik,4930503F20Rik,4930529C04Rik,4930548G14Rik,4930557F08Rik,4931408C20Rik,4931420L22Rik,4932414N04Rik,4933421D24Rik,4933427I22Rik,5033426O07Rik,5330437M03Rik,9430083B18Rik,A230072E10Rik,A630050E04Rik,Abca16,Actbl2,Actr3-ps,Adam26a,Adam26b,Adamtsl3,Angel2,Atp8a1,Atrn,BC034090,BC042761,Baiap2,Boll,Bpifb3,C130026I21Rik,Cacnb1,Ccdc90b,Cep112,Clec4b1,Cox7a2l,Cr2,Crb1,Csta2,Cstdc2,Ctr9,Cyp2b19,Cyp2j7-ps2,Cyp4b1-ps2,D030007L05Rik,Dab2ip,Dagla,Degs2,Dlg5,Dnah14,Dnah7c,Epb41l3,Extl1,Fam71a,Fbxl17,Fundc1,Gm10142,Gm10157,Gm10505,Gm10750,Gm11200,Gm11217,Gm11223,Gm11298,Gm11659,Gm11942,Gm12130,Gm12155,Gm12251,Gm12441,Gm12449,Gm12731,Gm12773,Gm12792,Gm12804,Gm12820,Gm12838,Gm13078,Gm13087,Gm13174,Gm13361,Gm13411,Gm13463,Gm13469,Gm13506,Gm13527,Gm13539,Gm13640,Gm13702,Gm13714,Gm13861,Gm13961,Gm14126,Gm14141,Gm14255,Gm14670,Gm14713,Gm15048,Gm15094,Gm15216,Gm15275,Gm15429,Gm15446,Gm15459,Gm15678,Gm15745,Gm15812,Gm15928,Gm16056,Gm1627,Gm16273,Gm16284,Gm16307,Gm16332,Gm16427,Gm16437,Gm16478,Gm17938,Gm17992,Gm18032,Gm18070,Gm18083,Gm18163,Gm1818,Gm18262,Gm18269,Gm18531,Gm18714,Gm18800,Gm18827,Gm19028,Gm19186,Gm19486,Gm19612,Gm20426,Gm20528,Gm21461,Gm22022,Gm22165,Gm22234,Gm22276,Gm22463,Gm2270,Gm22917,Gm23218,Gm23275,Gm23520,Gm23550,Gm23573,Gm23761,Gm23862,Gm23883,Gm23973,Gm24187,Gm24236,Gm24237,Gm24332,Gm24543,Gm24586,Gm24710,Gm24729,Gm24736,Gm24901,Gm25097,Gm25450,Gm25453,Gm25550,Gm25843,Gm25990,Gm26125,Gm26314,Gm26386,Gm26402,Gm26433,Gm26454,Gm26736,Gm27220,Gm27525,Gm2756,Gm28064,Gm28282,Gm28580,Gm28675,Gm29129,Gm29143,Gm29776,Gm29904,Gm30127,Gm30645,Gm31466,Gm31562,Gm31577,Gm31641,Gm3307,Gm34078,Gm34440,Gm34816,Gm35013,Gm35191,Gm35638,Gm36694,Gm36776,Gm37103,Gm37207,Gm37281,Gm37348,Gm37489,Gm37549,Gm37693,Gm37775,Gm37945,Gm37953,Gm37981,Gm38616,Gm39117,Gm40055,Gm40603,Gm40662,Gm40828,Gm40910,Gm42681,Gm42991,Gm43036,Gm43067,Gm43135,Gm43181,Gm4322,Gm43246,Gm43276,Gm43498,Gm43574,Gm43617,Gm43833,Gm43847,Gm43955,Gm43977,Gm44057,Gm44405,Gm44498,Gm44610,Gm44922,Gm45249,Gm45262,Gm45364,Gm45389,Gm45406,Gm45770,Gm46312,Gm47002,Gm47100,Gm47401,Gm47452,Gm47568,Gm47687,Gm4799,Gm48060,Gm48065,Gm48083,Gm48095,Gm48206,Gm48215,Gm48390,Gm48564,Gm4866,Gm49073,Gm49164,Gm49264,Gm49265,Gm49389,Gm49465,Gm49509,Gm4971,Gm49826,Gm49827,Gm49895,Gm50162,Gm50191,Gm50261,Gm50272,Gm50296,Gm50305,Gm50407,Gm5043,Gm5177,Gm5185,Gm5203,Gm5252,Gm5276,Gm5300,Gm5357,Gm5397,Gm5466,Gm5499,Gm5621,Gm5652,Gm5766,Gm5820,Gm5839,Gm6211,Gm6266,Gm6423,Gm6717,Gm6852,Gm6881,Gm7182,Gm7291,Gm7714,Gm7783,Gm7834,Gm7984,Gm7993,Gm8039,Gm8100,Gm8399,Gm8785,Gm9064,Gm9332,Gm9449,Gm9946,Ibsp,Ifna4,Ighv10-4,Igkv1-136,Inpp4b,Insl5,Klhl32,Klrb1a,Krt72,L3mbtl4,Lca5l,Lnx1,Lrrc31,Lyzl1,Mcoln2,Memo1,Mif-ps,Mmrn1,Mrgprx3-ps,Myo7b,Myt1l,Nlrp9b,Obox3-ps8,Olfr1309,Olfr1364,Olfr184-ps1,Olfr197,Olfr210-ps1,Olfr212,Olfr231,Olfr537-ps1,Olfr685,Olfr702,Olfr828,Olfr843,Olfr847,Olfr865-ps1,Olfr957,Pafah1b1-ps2,Pate3,Pate5,Pbp2,Piwil2,Pou6f2,Ppp2r2c,Prkacb,Psg16,Rpap3-ps1,Rps6ka5,Rps6kc1,Rsad2,Scaper,Scp2,Serpina3c,Skap2,Skint5,Smim9,Snord116l17,Snord116l3,Speer4a,Speer4cos,Ssxb3,Stambp-ps2,Steap2,Strn,Sult1b1,Sult2a4,Tmprss6,Tpi-rs9,Trat1,Triml1,Unc13a,Usp35,Vmn1r-ps116,Vmn1r-ps125,Vmn1r-ps29,Vmn1r-ps66,Vmn1r44,Vmn1r57,Vmn1r59,Vmn2r-ps134,Vmn2r66,Vps50,Wdr90,Zfp442,Zfp819,n-R5s213,n-R5s220
z-dna	any	Promoter (<=1kb)	LINE/LTR	77	2010009K17Rik,5033426O07Rik,AU022133,Atg2b,BB031773,Baiap2,Cacna1s,Capsl,Cep164,Col4a1,Crs-ps,Cyp19a1,Cyp2j8,Drp2,Fam71a,Fgf1,Gm11451,Gm11785,Gm11847,Gm12773,Gm12859,Gm13465,Gm14494,Gm15105,Gm15179,Gm15459,Gm17042,Gm17184,Gm18076,Gm18262,Gm23700,Gm23708,Gm25462,Gm25665,Gm25846,Gm30162,Gm30173,Gm34585,Gm34799,Gm35330,Gm37402,Gm37410,Gm37437,Gm38128,Gm40922,Gm42653,Gm43664,Gm45439,Gm46224,Gm4710,Gm47316,Gm47782,Gm47907,Gm48065,Gm48169,Gm48795,Gm49232,Gm49506,Gm49655,Gm49789,Gm50162,Gm5855,Gm6015,Gm6375,Gm6659,Gm8010,Gm8888,Gm9364,Hsd11b1,Ighv8-10,Megf6,Mir5099,Rpl36-ps9,Serpind1,Snrk,Tcte1,Tmem143
g4	any	Promoter (<=1kb)	LINE/LTR & CTCF	1	Gm20447
h-dna	any	Promoter (<=1kb)	LINE/LTR & CTCF	0	
sidd	any	Promoter (<=1kb)	LINE/LTR & CTCF	1	Bgn
z-dna	any	Promoter (<=1kb)	LINE/LTR & CTCF	0	
g4	any	Promoter (<=1kb)	cCRE	1040	1110046J04Rik,1700016P03Rik,1700018A04Rik,1700025G04Rik,1700030C10Rik,1700039E22Rik,1700039I01Rik,2610035F20Rik,2810433D01Rik,2900026A02Rik,3110082J24Rik,4833428L15Rik,4930444P10Rik,4930488L21Rik,4930563I02Rik,4932443L11Rik,4933439N14Rik,8430419K02Rik,9030612E09Rik,9030624G23Rik,9130213A22Rik,9130410C08Rik,9430014N10Rik,9430041J12Rik,9530036O11Rik,A230077H06Rik,A330009N23Rik,A730020E08Rik,A730056A06Rik,A730085E03Rik,A830052D11Rik,A830073O21Rik,A830082K12Rik,Abat,Abcg4,Abr,Ace,Acot12,Actl6b,Acvrl1,Adam11,Adam15,Adamts18,Adamts19,Adamts20,Adamts3,Adamts7,Adcy5,Adcy6,Adgrb1,Adgrb2,Adora1,Ahnak2,Ajap1,Ak4,Ak5,Akt1,Alkal2,Alx3,Amn,Ank1,Ank2,Ank3,Ankrd13b,Ankrd31,Ankrd34b,Anks1,Anks1b,Anxa2,Anxa3,Ap3b2,Apbb2,Aplp1,Apol8,Aqp5,Arap3,Arhgap22,Arhgap28,Arhgap8,Arhgef10,Arhgef25,Arhgef5,Arhgef7,Artn,Ascl1,Astn2,Asxl3,Atl1,Atmin,Atp1b1,Atp1b2,Atp2b2,Atp2c2,Atp8a2,Auts2,Axin2,B230312C02Rik,B230323A14Rik,B3galnt1,B3gat1,B430212C06Rik,B4galnt4,BC034090,Bahcc1,Baiap3,Barhl1,Barhl2,Barx1,Barx2,Basp1,Bcam,Bcar1,Bcorl1,Bean1,Begain,Bmp1,Bmper,Bmpr1a,Brsk1,Brsk2,Bves,C1ql1,C1ql2,C77080,Cacna1a,Cacna1b,Cacna1d,Cacna1g,Cacna1h,Cacna1i,Cacna1s,Cacna2d1,Cacna2d2,Cacna2d3,Cacnb3,Cacnb4,Cacng4,Cacng7,Cadm2,Cadm4,Cadps2,Camk1,Camk2b,Camk2g,Camk2n1,Camta1,Car11,Car9,Caskin1,Casz1,Cblc,Cbx2,Cbx8,Ccdc106,Ccdc120,Ccdc158,Ccdc184,Ccdc188,Ccdc194,Ccdc40,Ccdc85a,Ccdc88b,Ccnd1,Cd63,Cdc42bpb,Cdh13,Cdh2,Cdhr5,Cdkl1,Cdkn1c,Cdx1,Celf3,Celf5,Celf6,Celsr3,Cep170b,Cerox1,Cfap100,Cgn,Chd5,Chn1,Chn2,Chrd,Chrna5,Chst1,Cited4,Cldn3,Clmn,Clstn1,Cmtm4,Cntn2,Cntn5,Col16a1,Col22a1,Col2a1,Col7a1,Col8a2,Comp,Cpa2,Cpeb1,Cpne2,Cpne5,Cpne7,Cpxm2,Crb2,Crb3,Creb3l1,Creb5,Crhr1,Csmd2,Cspg5,Ctdspl,Ctnnd2,Cttn,Cxxc5,Cyp26b1,Cys1,Cysrt1,D630045J12Rik,D930020B18Rik,D930028M14Rik,Dab2ip,Dact1,Dbn1,Dbndd1,Dbx1,Dcbld2,Dchs1,Dchs2,Dcun1d4,Ddx25,Denn2b,Dgki,Dhh,Dhx34,Dipk1b,Dleu7,Dlg3,Dlg4,Dlg5,Dlgap2,Dlx1,Dlx2,Dlx4,Dlx6,Dmbx1,Dmc1,Dmpk,Dmrtb1,Dmtn,Dnah1,Dnajc6,Doc2a,Dock7,Dok4,Dpyd,Dpysl4,Drd2,Dsc2,Dscam,Dst,Dtx1,Dusp9,E130101E03Rik,E130114P18Rik,Ebf3,Ebf4,Ece2,Efhd1,Efna3,Egr4,Elfn1,Eml5,Emp2,Emx1,En1,En2,Enah,Eng,Enho,Enox1,Entpd3,Epb41l3,Epha2,Epha7,Epha8,Ephb2,Ephb4,Ephx2,Epop,Eps8l2,Erbb4,Erfl,Erich3,Erich6,Esrp1,Esrp2,Etnk2,Etv4,Evpl,F2r,Fam110b,Fam163b,Fam171a1,Fam184a,Fam220a,Fam57b,Fam81a,Fam83h,Fblim1,Fbln5,Fbn1,Fer,Fev,Fezf2,Fgd1,Fgd5,Fgf12,Fgf15,Fgf2,Fgf20,Fgf3,Fgf5,Fgf8,Fgf9,Fgfr1,Fgfr3,Fgfrl1,Fhad1,Fhl1,Fhod3,Fignl2,Flnc,Flt4,Fndc3c1,Fndc5,Fnip2,Foxa1,Foxb1,Foxd4,Foxe1,Foxe3,Foxl1,Foxl2os,Foxp4,Frrs1l,Fst,Fstl1,Fstl4,Fxyd1,Fzd10os,Fzd2,Fzd5,Gad1,Gal3st3,Galnt17,Garem2,Garnl3,Gas6,Gas7,Gata2,Gata3,Gata6,Gbx1,Gdpd5,Gfra2,Ggh,Gjb2,Gjc1,Glb1l2,Gli1,Gli3,Glis2,Gm10000,Gm10129,Gm10419,Gm10432,Gm10499,Gm11729,Gm11772,Gm11789,Gm12827,Gm12930,Gm13034,Gm13135,Gm13136,Gm13231,Gm13344,Gm13446,Gm14261,Gm14964,Gm15040,Gm15046,Gm15050,Gm1673,Gm17494,Gm17501,Gm19345,Gm19426,Gm19744,Gm21297,Gm21989,Gm2415,Gm25262,Gm266,Gm26704,Gm27199,Gm27239,Gm28050,Gm28309,Gm29202,Gm2990,Gm31816,Gm32351,Gm34785,Gm37477,Gm37974,Gm38593,Gm40848,Gm41361,Gm41724,Gm41804,Gm43697,Gm4425,Gm45168,Gm45169,Gm45441,Gm45447,Gm47385,Gm4793,Gm48037,Gm48042,Gm48636,Gm48667,Gm49697,Gm49748,Gm50475,Gm5953,Gm715,Gm8909,Gm9257,Gm9899,Gm9918,Gnai1,Gnb3,Gnmt,Gpc1,Gpr12,Gpr153,Gpr20,Gpr25,Gpr85,Gprc5b,Gprc5c,Grb10,Grem1,Grid2ip,Grik3,Grik5,Grin1os,Grin2d,Grm7,Grm8,Gsdme,Gse1,H2-Q10,H2-Q2,H2-Q3,Hacd4,Haglr,Hand2os1,Hapln2,Hcn2,Hdac9,Heyl,Hhatl,Hid1,Hmx2,Hmx3,Hnf1a,Hotairm1,Hoxa10,Hoxa4,Hoxa6,Hoxb7,Hoxb8,Hoxc11,Hoxc4,Hoxd1,Hoxd12,Hoxd13,Hoxd4,Hoxd9,Hpn,Hr,Hrh3,Hrk,Hs3st6,Hsf4,Hspa12b,Htra1,Icmt,Iffo2,Igdcc3,Igf1r,Igf2,Igf2bp1,Igf2bp3,Igfbp3,Iglon5,Igsf21,Ikzf2,Ikzf4,Il11,Il17d,Il17rc,Il17rd,Il1rl2,Inava,Inhbb,Insm2,Insyn1,Iqsec1,Irx1,Irx2,Irx3os,Irx6,Isl2,Ism2,Itga9,Jakmip1,Jakmip3,Jam2,Jazf1,Jhy,Jph3,Kalrn,Kcna1,Kcnab3,Kcnd2,Kcne1l,Kcng3,Kcnh1,Kcnh2,Kcnh7,Kcnj10,Kcnj4,Kcnk12,Kcnq2,Kcnq4,Kcnt2,Kctd15,Kif19a,Kif1a,Kif26a,Kif5c,Kif6,Kif7,Kifc3,Kirrel2,Kitl,Klf14,Klhl34,Klhl36,Klk13,Kremen2,Krt80,Laptm4b,Large1,Larp6,Lbx1,Lbx2,Lgi2,Lhcgr,Lhfpl2,Lhfpl3,Lhfpl4,Lhx2,Lhx8,Lhx9,Lingo1,Loxl1,Lratd1,Lrfn1,Lrig1,Lrp1,Lrp3,Lrrc3,Lrrc38,Lrrc75b,Ltbp3,Ly6h,Macrod2,Mad2l2,Magi3,Mamstr,Map1a,Map3k10,Map3k6,Map4k3,Map6d1,Map7d2,Mapk13,Mapk4,Mapre3,Marchf10,Marchf9,Mark1,Matn4,Mdfi,Mdga1,Me1,Megf11,Megf6,Meioc,Mex3a,Mfap2,Mgat3,Mid2,Mindy4,Mir124a-3,Mir199b,Mir212,Mir3083,Mir34b,Mir615,Mir9-3hg,Misp,Mogat2,Morc4,Mpdz,Mpped1,Mpped2,Mpzl1,Mras,Msantd3,Msi1,Msx1,Msx3,Mtss2,Mtus2,Mvb12b,Mxd4,Myo16,Myo18a,Myo6,Nacc2,Ncam1,Nccrp1,Ndrg2,Ndrg4,Ndst3,Nefh,Neurl1a,Neurl1b,Neurod2,Neurog1,Nfatc4,Nfix,Nhsl2,Ninl,Nkd1,Nkd2,Nkx2-2,Nkx2-4,Nkx2-9,Nkx6-1,Nlrp5-ps,Nmnat2,Nnat,Nol4l,Npas3,Npas4,Npr2,Nr3c2,Nrbp2,Nrcam,Nrg2,Nrn1,Ntn3,Ntn4,Ntrk3,Ntsr1,Numb,Nxnl2,Nxph1,Nxph3,Nxph4,Olfm2,Olfr1372-ps1,Onecut2,Opcml,Osbp2,Osbpl6,Osr2,Otop1,Otud3,Otx1,Otx2os1,Ovol2,Oxt,P4ha2,Padi4,Pak1,Pak6,Papln,Papss2,Paqr9,Pard6b,Pard6g,Pax3,Pax6,Pcbp4,Pcdh19,Pcdh8,Pclo,Pcolce,Pcsk4,Pde10a,Pde1c,Pde2a,Pde4a,Pde4c,Pde9a,Pdgfa,Pdgfb,Pdzd4,Peli3,Pgbd5,Phf13,Phf21b,Phf24,Phlda2,Pianp,Pik3cb,Pitx1,Pitx2,Pitx3,Pknox2,Pkp1,Pkp3,Plagl1,Plcxd1,Pld1,Pld5,Plec,Plekha7,Plekhd1,Plekhg6,Plekhh3,Plk5,Plod2,Plppr3,Plxnb1,Podn,Pou4f1,Ppfia4,Ppp1r1a,Ppp1r1b,Ppp1r26,Ppp1r9a,Ppp2r2c,Ppp2r5c,Ppp4r4,Prdm16,Prdm16os,Prkd1,Prkg1,Prkra,Prob1,Prokr2,Prox1,Prrg3,Prrt1,Prrxl1,Prss23,Prune2,Psd,Ptchd4,Ptgfrn,Pth1r,Ptk2,Ptpn12,Ptpn13,Ptprg,Ptprs,Ptprz1,Pygo1,Rab11fip4,Rab3il1,Rab6b,Radil,Rai2,Ralgps1,Ralyl,Ramp1,Rap1gap,Rapgef4,Rarg,Rasd2,Rasgef1a,Rasl10b,Rbfox2,Rbm11,Rbp4,Rbpms2,Reln,Rem1,Ret,Rfx6,Rgl3,Rgma,Rgmb,Rgs11,Rhbg,Rhcg,Rhebl1,Rhou,Rhpn2,Rimkla,Rimklb,Rims1,Rims2,Rims3,Rims4,Rin2,Ripply2,Rnd2,Rnf165,Rnf182,Rnf220,Rnf227,Rora,Rorb,Rprml,Rps6ka6,Rtn4r,Rtn4rl2,Rundc3a,Rundc3b,Runx1t1,Rxra,Ryk,S1pr5,Sall3,Sbspon,Scarf2,Scn8a,Scrt1,Scrt2,Scube2,Sdc3,Sec14l2,Sec14l4,Selenov,Sema3b,Sema6d,Septin4,Serpinb6a,Sestd1,Sfrp1,Sfrp5,Sgpp2,Sh3d19,Sh3pxd2a,Sh3pxd2b,Sh3tc2,Shank1,Shank3,Shc4,Shd,Shisal2b,Sim1,Sim2,Sipa1,Six3os1,Skor1,Slc12a5,Slc15a1,Slc16a11,Slc16a12,Slc16a2,Slc18a2,Slc22a17,Slc25a39,Slc26a10,Slc26a5,Slc27a1,Slc29a4,Slc2a10,Slc30a10,Slc30a3,Slc38a3,Slc41a2,Slc44a1,Slc4a1,Slc4a2,Slc6a4,Slc7a10,Slc7a2,Slc9a2,Slc9a5,Slit1,Slitrk5,Smarcd3,Smoc1,Sncg,Sntg1,Snurf,Snx31,Sox10,Sox13,Sox14,Sox1ot,Sox2,Sox5,Sox6,Sp5,Sp6,Spaca6,Speg,Sphk1,Spire2,Sptbn4,Src,Ssbp2,Ssc5d,Sstr3,St8sia2,St8sia5,Steap2,Stk32c,Stum,Stx3,Sulf2,Sycp2,Sync,Syne2,Syngap1,Synpr,Syt14,Syt3,Syt9,Taf7l,Tafa5,Tanc1,Tbkbp1,Tbx1,Tbx2,Tbx21,Tbx4,Tc2n,Tcea3,Tcf20,Tcf7,Tdrd5,Tead2,Tekt2,Tfap2a,Thra,Timp3,Tlx1,Tlx3,Tmc5,Tmcc2,Tmem119,Tmem132d,Tmem150c,Tmem151a,Tmem151b,Tmem171,Tmem178,Tmem200b,Tmem229a,Tmem25,Tmem28,Tmem59l,Tnfrsf25,Tnk1,Tnni2,Tnrc18,Tns1,Tns3,Tpm2,Trabd2b,Trank1,Trim2,Trim71,Triqk,Trmt9b,Trnp1,Trp73,Tsc22d1,Tshz3,Tspan17,Tspan33,Ttc22,Tub,Twist1,Twist2,Ubash3b,Ube2e2,Ube2ql1,Ugt8a,Unc5a,Unc5d,Uncx,Utf1,Vangl1,Vash1,Vax2,Vax2os,Vgll2,Vstm2b,Vsx2,Vwa2,Vwa5b2,Wdr47,Wfdc1,Wipf1,Wnk2,Wnt3a,Wnt4,Wnt6,Wnt7b,Wt1,Wt1os,Wwp2,Ybx2,Yjefn3,Zfp516,Zfp536,Zfp541,Zfp629,Zfp64,Zfp853,Zfpm2,Zic2,Zswim6,Zyg11a
h-dna	any	Promoter (<=1kb)	cCRE	104	1110018N20Rik,5430421F17Rik,9430014N10Rik,A730098A19Rik,Abi2,Alkal2,Ank1,Ank3,Arhgef10l,Auts2,Bik,Cacng4,Camk2n1,Casz1,Ccdc30,Celf5,Cntnap4,Col26a1,Cul9,Cyp26b1,Dbx1,Dnajc6,Elfn2,Epb41l3,Erfl,Fgf3,Fgf5,Fgf9,Fhad1,Fhod3,Gm13034,Gm13135,Gm25262,Gm26973,Gm27502,Gm32219,Gm44593,Gm4577,Gm715,Grik1,Grik5,Grin2d,Grm7,Hand2os1,Hhatl,Hoxa7,Hoxaas2,Hoxb6,Hoxb8,Hoxc8,Hoxd3,Hoxd9,Hrk,Ikzf4,Kif26b,Lbx1,Lhx2,Lrtm2,Mapre3,Mex3a,Mindy4,Mir212,Mir9-3,Nfia,Pakap,Pde10a,Pde3a,Pdgfa,Pdgfc,Pitx1,Piwil2,Plxdc1,Prdm16os,Prune2,Pth1r,Rarg,Rgma,Rorb,Runx1t1,Scrt1,Scube3,Sh2d3c,Shank1,Sim2,Six3,Slc17a7,Slc7a2,Stk3,Stox1,Syngap1,Syt14,Tbx1,Tctex1d1,Tfap2a,Tlx1,Tlx2,Tmem132d,Trim71,Ube2e2,Unc13a,Zfp462,Zfp516,Zic1,Zic2
sidd	any	Promoter (<=1kb)	cCRE	199	4930442P19Rik,4932441J04Rik,9030622O22Rik,AI115009,Acaa1b,Adgrg1,Adgrl3,Ahdc1,Ahnak2,Aldh1a3,Amotl2,Ankrd45,Anks1b,Arhgdig,Arhgef10l,Atp12a,Atp2b2,Auts2,Axin2,Barhl1,Bicc1,C130021I20Rik,C230057M02Rik,Cacna1a,Cacna1b,Cacna1i,Cacna2d2,Cald1,Ccdc60,Cck,Ccnd1,Celsr2,Chrna4,Cnpy1,Cpne2,Crmp1,Cttn,Cxxc4,Cyb5a,Cyp26b1,D030062O11Rik,D130079A08Rik,D430041D05Rik,D630003M21Rik,Dlx6,Dmrt3,E130101E03Rik,E330011O21Rik,Elavl2,Eml6,Erdr1,Erfl,Fbf1,Fbxo24,Flrt1,Flt1,Foxl1,Foxp2,G630022F23Rik,Gata6,Gfra1,Gfra2,Gm11733,Gm11766,Gm11992,Gm13034,Gm13429,Gm14261,Gm14488,Gm14964,Gm15264,Gm15582,Gm15637,Gm16087,Gm16136,Gm17180,Gm18755,Gm28616,Gm28793,Gm29629,Gm31816,Gm35040,Gm36388,Gm37714,Gm38285,Gm42692,Gm43458,Gm43697,Gm47071,Gm49620,Gm5144,Gm9260,Gpc1,Gpr85,H19,Hand2os1,Helt,Hey1,Hlf,Hnf1b,Hoxc9,Igf2,Igsf11,Insyn1,Isl1,Jph3,Kcnk2,Kcnq4,Kctd15,Krt80,Lgi2,Lgr5,Lingo1,Lratd1,Lrrc26,Ltbp3,Mak,Mdfi,Mir193b,Mroh5,Neurod2,Nfatc2,Nkx6-2,Nos1,Notch3,Npr3,Nr2f2,Nr4a3,Nr5a1,Nrxn1,Ntm,Nxph3,Obscn,Otp,Otud7a,Otx2,Oxt,Pacsin3,Panx2,Paqr5,Pard6g,Pcdh7,Pde8b,Perp,Phactr2,Phactr3,Plxnb1,Ppp1r1a,Ppp1r2-ps3,Ppp1r9a,Prdm16os,Prune2,Ptk2,Ptprs,Ptx3,Rarg,Rfx4,Rgma,Rhebl1,Rhou,Rian,Robo3,Rragd,Sacs,Sall3,Scin,Scube3,Sema6a,Sema6c,Septin4,Shc3,Slc8a1,Smad6,Smoc2,Smtn,Sncg,Sox1ot,Sphk1,Steap1,Stox2,Tbc1d16,Tbx1,Tbx3os1,Tcf7,Tfap2a,Tfap2c,Tmem114,Tnfaip2,Tox2,Trappc9,Trim2,Trpm4,Unc45b,Vax1,Wnt10a,Zfp219,Zfp536,Zfpm1,Zic4
z-dna	any	Promoter (<=1kb)	cCRE	530	1500009L16Rik,1700067K01Rik,1700113H08Rik,1700125G02Rik,4833418N17Rik,4930442P19Rik,4933428G20Rik,6430548M08Rik,9430021M05Rik,A730035I17Rik,A830073O21Rik,A830082K12Rik,Abr,Adam12,Adamts14,Adamts20,Adamts3,Adgrg3,Ago4,Ahnak2,Ak5,Amigo1,Amn,Amotl2,Ank1,Ank2,Ankef1,Ankrd29,Ankrd34b,Arc,Arhgap20,Arhgap44,Arhgef10,Arhgef15,Arhgef7,Arnt2,Asxl3,Atp1b2,Atp6v1c2,Auts2,Axin2,B3gat1,Bahcc1,Barhl1,Barx1,Bend4,Bmpr1a,C230057M02Rik,C4b,Cacna2d2,Cacnb4,Caln1,Camk2b,Camkk1,Camta1,Caskin1,Cbx2,Ccdc105,Ccdc68,Ccnd1,Cd109,Cd34,Cdh18,Cdh2,Cdh22,Cdkn1c,Celf6,Cers6,Cfap100,Cftr,Chd5,Chdh,Chn1,Chrm2,Chrm3,Chrna4,Chrna5,Cited1,Clmn,Cmtm8,Cnksr2,Cnnm3,Cntn5,Cobl,Col16a1,Col4a1,Col8a2,Corin,Cped1,Cpne7,Creb5,Crhr1,Crhr2,Crlf1,Crmp1,Cstdc2,Ctbp2,Ctnnd2,Cuedc1,Cxcl14,Cxxc4,D430041D05Rik,D630003M21Rik,Daam2,Dab2ip,Dbndd1,Dchs1,Ddx25,Dennd2a,Dgkg,Dio3os,Dipk1b,Dnah1,Doc2a,Doc2b,Dpys,Drd4,Dscam,Dscaml1,Dst,Dusp9,E130114P18Rik,Ebf3,Edil3,Efnb2,Efs,Egr3,Egr4,Elfn2,Emx1,En1,Enah,Enpp4,Entpd3,Epb41l1,Epb41l3,Epha6,Epha8,Epo,Erbb4,Esrp2,Esrrb,Fam129c,Fam163b,Fam184a,Fam83h,Fblim1,Fbll1,Fbxl16,Fendrr,Fer,Fev,Fgf12,Fgf2,Fgf4,Fgf8,Fgfr1,Fgfr3,Fhad1,Fhl1,Fibcd1,Foxb2,Foxl2os,Foxn4,Foxo6,Fst,Fstl4,Fzd10,Fzd9,Gabbr2,Gad1,Gata6,Gbx2,Gdpd5,Gfod1,Gfra2,Gja3,Gjb2,Gjc1,Gli3,Glrb,Gm10649,Gm10657,Gm10699,Gm12339,Gm13330,Gm14205,Gm14207,Gm14978,Gm15046,Gm15510,Gm15918,Gm16136,Gm16764,Gm17244,Gm19426,Gm20646,Gm23366,Gm24513,Gm24804,Gm25239,Gm25262,Gm26676,Gm27040,Gm29103,Gm29508,Gm29629,Gm31138,Gm32351,Gm35823,Gm37644,Gm37811,Gm42517,Gm45169,Gm45784,Gm46603,Gm47071,Gm49154,Gm49379,Gm49601,Gm50475,Gm5089,Gm5105,Gm53,Gm6277,Gm7107,Gm9768,Gnao1,Gng13,Gp1bb,Gpm6b,Gpr45,Grb10,Grb14,Gria2,Grik3,Grin1os,Grin2a,Gse1,H2-Q10,H2-Q2,H60b,Hacd1,Hoxa13,Hoxa2,Hoxa4,Hoxc11,Hoxc9,Hpcal4,Hrh3,Htra1,Igf2bp2,Igf2bp3,Igfbp3,Igfbpl1,Iglon5,Ikzf2,Ikzf4,Irx6,Isl2,Ism2,Itpripl2,Jag2,Jph1,Kank4,Kcnc3,Kcnc4,Kcnd3,Kcng3,Kcnh2,Kcnj4,Kcnmb4os2,Kcnq2,Kcnq3,Kctd15,Klc3,Krt19,L1cam,Lamb1,Lat,Lgi2,Lhfpl2,Lhx8,Lin28a,Lingo1,Lingo2,Lingo3,Lmx1a,Lonrf3,Lrfn1,Lrfn3,Lrig1,Lrp11,Lrrc26,Lrrc38,Lrrc3b,Lzts2,Mad2l2,Maf,Mamld1,Maneal,Map7d2,Marchf9,Mark1,Mdfi,Mdga1,Megf10,Meioc,Meis2,Metrnl,Mgat3,Mgat5b,Minar1,Mir203,Mir3083,Mir34b,Mpped1,Mrtfb,Msi1,Mvb12b,Myrip,Ncam1,Nckap1,Ndst3,Nebl,Neo1,Nes,Neurl1a,Neurog1,Nexmif,Nfia,Nfix,Nkx1-1,Nkx1-2,Nlgn1,Nmnat2,Nos1,Npas3,Npr1,Nrn1,Nrsn1,Nrxn2,Nsun2,Ntm,Nxph4,Nynrin,Onecut2,Oprd1,Osbpl6,Otud7a,Otx2,P2rx2,Panx2,Paqr5,Paqr9,Pax9,Pclo,Pde3b,Pde4a,Pde4d,Pde8b,Pdlim4,Phactr2,Phf24,Pitx1,Pitx2,Plagl1,Plcb1,Pld1,Plekha7,Plk5,Plppr2,Plppr3,Plxdc1,Plxnb1,Podxl2,Popdc3,Ppp2r2c,Prcd,Prdm16os,Prdm6,Prex2,Prkar1b,Prkd1,Prkg2,Prmt8,Prok2,Prrg3,Psd,Ptf1a,Pth1r,Ptk2,Ptov1,Ptpn12,Ptpru,Ptprv,Pygo1,Qrfpr,Rab34,Rab3a,Ralyl,Rap1gap,Rapgef4,Rasgef1a,Rasgrf1,Rassf1,Rbfox2,Rbp4,Rbpms2,Reln,Rfx4,Rgmb,Rhbdf1,Rimklb,Rims1,Rims4,Rnpepl1,Rxra,Ryk,S1pr2,Sall3,Samd14,Satb2,Scara3,Scarf2,Scrt1,Scube2,Sdc3,Sec1,Sel1l3,Serpinb8,Sestd1,Sez6,Shank1,Shisa7,Six3,Skor1,Slc22a23,Slc27a2,Slc45a3,Slc4a2,Slc4a4,Slc7a10,Slit1,Slit2,Slit3,Slitrk5,Smad6,Smarca1,Smarcd3,Smoc2,Snap91,Sorcs3,Sox13,Sox14,Sox1ot,Sp8,Spats2,Speg,Spon1,Spry1,Src,Srrm4,Sstr4,Stxbp5l,Sycp2,Syn2,Syne2,Synj2,Syt15,Syt9,T,Tafa2,Tal1,Tbc1d16,Tbkbp1,Tbx1,Tbx21,Tcea3,Tead4,Tenm2,Tfap2a,Tiam1,Tle1,Tlx1,Tmem119,Tmem132d,Tmem179,Tmem28,Tmem30b,Tnfaip2,Tnfrsf19,Tnfrsf25,Tnik,Tpbgl,Trank1,Trim71,Trio,Trmt9b,Trp73,Trpm6,Trps1,Tspan15,Tub,Tubb3,Tulp1,Ube2e2,Ugt8a,Unc5a,Unc5d,Usp13,Vash2,Vat1l,Vgf,Vwa5b2,Wipf1,Wnt10a,Wnt11,Wnt2,Wnt3,Wnt5b,Wnt6,Wnt7b,Zfp385b,Zfp516,Zfp536,Zfp618,Zfp629,Zfp804b,Zfpm2
g4	any	Promoter (<=1kb)	cCRE & CTCF	969	1700003F12Rik,1700025G04Rik,2010300C02Rik,2510009E07Rik,2810410L24Rik,2900026A02Rik,4930430O22Rik,4930478K11Rik,4930488L21Rik,4930570G19Rik,5730437C11Rik,6430628N08Rik,9030612E09Rik,9130213A22Rik,9530036O11Rik,9530059O14Rik,A230077H06Rik,A730013G03Rik,A730035I17Rik,A830018L16Rik,AI593442,AW047730,Aatk,Abi2,Ablim2,Abr,Acsl6,Actn1,Acvr1,Acvr1c,Acvr2b,Adam23,Adamts14,Adamts15,Adamts5,Adamts7,Adamts9,Adamtsl5,Adcy2,Adgra2,Adgrb1,Adgrb2,Adgrl2,Adra2c,Adrb1,Afap1l1,Afdn,Ago1,Agrn,Agtr1a,Ahnak,Ajm1,Ak4,Akain1,Akap7,Alox12e,Alox15,Als2cl,Amotl1,Ank3,Apba1,Apc2,Arhgap22,Arhgap23,Arhgap39,Arhgap42,Arhgdig,Arhgef10,Arhgef17,Arhgef26,Arhgef28,Arhgef40,Arl10,Arpp21,Arvcf,Ascl5,Asic1,Asphd1,Asphd2,Asxl3,Atl1,Atp8a2,Auts2,Axin2,B130046B21Rik,B230208B08Rik,B3gat2,B4galnt4,B4galt6,BC034090,Baiap2l2,Basp1,Bcam,Bcl11b,Bdnf,Bean1,Bend6,Bend7,Bfsp1,Bhlhe22,Bicdl1,Bmp1,Bmp4,Bmp6,Bmp7,Bmper,Bnc2,Brinp1,Brsk2,C030014I23Rik,C130073E24Rik,C1ql2,C1ql3,C530008M17Rik,CK137956,Cabp1,Cacna1c,Cacna2d1,Cacnb3,Cadm1,Cadm3,Camk4,Camkv,Car10,Card10,Cask,Cbln1,Cbln2,Ccdc120,Ccdc160,Ccdc92,Ccnd1,Ccno,Cd276,Cdc14b,Cdh11,Cdh23,Cdh3,Cdh4,Cdh7,Cdkl4,Cdkn1c,Celf2,Celf6,Celsr1,Celsr2,Cep170b,Cerox1,Cfap100,Cgnl1,Chadl,Chrd,Chrna4,Chrna7,Chst8,Chsy3,Cilk1,Clcn2,Cldn23,Clic5,Clip3,Clmn,Clmp,Cnih3,Cnnm2,Cnr1,Cntn1,Cntnap1,Coch,Col12a1,Col13a1,Col4a1,Col5a1,Coprs,Coro2b,Coro6,Cpeb1,Cpne5,Cpne8,Cracr2b,Crhr1,Crim1,Crip2,Crlf1,Crmp1,Crym,Csgalnact1,Csmd1,Csmd2,Cspg5,Ctbp2,Ctdspl,Cthrc1,Ctif,Ctnnd2,Ctsf,Cttnbp2nl,Cxadr,Cxxc5,Cyp2w1,Cys1,Cystm1,D030055H07Rik,D430041D05Rik,D630045J12Rik,Dab1,Dach1,Dapk2,Dbn1,Dbndd1,Dbndd2,Dclk3,Dcun1d4,Ddn,Ddr1,Degs2,Denn2b,Dennd2a,Dennd2c,Dio3os,Dip2c,Dipk1c,Dixdc1,Dlgap2,Dlgap3,Dlk1,Dlk2,Dll1,Dmxl2,Dnaja4,Dnajc6,Dnm1,Dock3,Dock5,Dok6,Dok7,Dpf1,Dpysl5,Draxin,Drd2,Dst,Dzip1,Ebf4,Ecrg4,Eda,Efemp2,Efna5,Egfr,Eif5a2,Elavl4,Elmod1,Eln,Elovl4,Elovl7,Eml1,Emp2,En1,Epb41l1,Epb41l4b,Epha1,Epha5,Ephb4,Ephb6,Ephx4,Epn2,Epn3,Erbb2,Erbb3,Erc2,Espn,Etl4,Evc2,Eya4,Fa2h,Fads3,Fam131b,Fam13c,Fam171a1,Fam189a2,Fam217b,Fam78a,Fam83f,Fam89a,Fam92b,Farp1,Fat3,Fbn1,Fbn2,Fbxl16,Fermt2,Fgf20,Fgf3,Fgf9,Fgfr1,Fgfr2,Fgfr3,Fhod3,Fign,Fignl2,Flrt2,Flvcr2,Fmnl2,Fosb,Foxf1,Foxg1,Foxo6,Frmd5,Frzb,Fsd1l,Fst,Fstl3,Fut9,Fxyd1,Fzd2,G0s2,G430095P16Rik,Gabrd,Gabrg3,Gad1os,Galnt13,Galnt14,Galnt9,Gas7,Gata6,Gdf7,Gfra1,Gfra2,Gja4,Gjd3,Gldn,Gli1,Glis1,Glis3,Glyctk,Gm10044,Gm10575,Gm11650,Gm11762,Gm11837,Gm11839,Gm11841,Gm12830,Gm13344,Gm13889,Gm14169,Gm14207,Gm15217,Gm15704,Gm15751,Gm15816,Gm1673,Gm17182,Gm20621,Gm2102,Gm23363,Gm24368,Gm26592,Gm2694,Gm27032,Gm27627,Gm27675,Gm29246,Gm29480,Gm29683,Gm29707,Gm30684,Gm30893,Gm35040,Gm35110,Gm37136,Gm37811,Gm38577,Gm40513,Gm41414,Gm42778,Gm42901,Gm43517,Gm43566,Gm43823,Gm44731,Gm44732,Gm44946,Gm47163,Gm47766,Gm49330,Gm49937,Gm5468,Gm5577,Gm6277,Gm9229,Gm9884,Gm9925,Gmcl1,Gmpr,Gnat1,Gnaz,Golga7b,Gpc4,Gpc6,Gpr153,Gpr160,Gpr3,Gpr83,Gprc5b,Gprin1,Gpt2,Grb14,Greb1l,Gria4,Grid1,Grid2,Grik4,Grin2c,Grip1,Grk3,Grm2,Gse1,Gxylt2,H2-Bl,Hap1,Hapln2,Has2os,Hcn1,Hcrtr1,Hdac9,Hey2,Hic1,Hivep3,Hmga2,Hmx2,Hoxa13,Hoxa4,Hoxb8,Hoxb9,Hoxc10,Hoxd9,Hrh1,Hs3st2,Hs6st2,Hsd11b2,Hspg2,Htr1b,Htr4,Hunk,Igdcc3,Igdcc4,Igf1r,Igf2os,Igfbp5,Igsf21,Ihh,Il17d,Insc,Insyn1,Insyn2a,Iqsec3,Irs1,Irs4,Irx3,Irx3os,Irx5,Ism1,Itga3,Itga5,Itga6,Itpka,Itpr2,Itpripl2,Jag2,Jph4,Kalrn,Kank2,Kbtbd11,Kcna2,Kcna4,Kcnc1,Kcnd3os,Kcng1,Kcnh2,Kcnh5,Kcnip2,Kcnip3,Kcnip4,Kcnj11,Kcnj6,Kcnk2,Kcnmb4,Kcnn2,Kcnq1,Kctd15,Kif17,Kif3a,Kif5c,Kifc3,Kirrel,Kl,Klf4,Klhl29,Klk8,Kndc1,Lama1,Lemd1,Lgr5,Lhx6,Lhx9,Lix1l,Lmtk3,Lrfn4,Lrmda,Lrp11,Lrp4,Lrrc15,Lrrc3,Lrrc4b,Lrrc75a,Lrrfip1,Ltbp1,Ltbp4,Lypd6,Lysmd2,Lzts2,M5C1000I18Rik,Macf1,Macroh2a2,Mad2l2,Mafb,Magi2,Mal,Map7,Map9,Mapk4,Marchf11,Marchf4,Mark1,Mboat2,Mcam,Med12l,Mei4,Mertk,Metrn,Mgat5b,Mical2,Mink1,Mir5126,Mir670hg,Mir6991,Mir8104,Mmp15,Mmp17,Mmp2,Mn1,Mpp2,Mpped2,Mrap2,Mrc2,Mst1r,Mtus1,Mycl,Mycn,Myh10,Myh14,Myo18a,Myrip,Nalcn,Nbea,Ncald,Nckap1,Nckap5,Ncs1,Ndrg2,Nebl,Nectin2,Nectin4,Nell1,Neo1,Nes,Neto2,Neurl1b,Neurog3,Nexn,Nfatc4,Nfe2,Nfib,Nfix,Ngef,Nhsl1,Nhsl2,Nkain2,Nkd1,Nkd2,Nlgn1,Nlgn2,Nnat,Nol3,Nol4,Nol4l,Nos1ap,Nova1,Nox4,Npas2,Npas4,Npnt,Nr2e1,Nr2f2,Nr3c2,Nrbp2,Nrep,Nrg1,Nrgn,Nrtn,Nsd1,Nsg2,Nt5e,Ntf5,Ntn1,Ntrk1,Ntrk2,Ntrk3,Nynrin,Ociad2,Ogdhl,Olfm1,Onecut2,Ophn1,Osbpl10,Otop1,Ovol2,P2rx2,P3h2,P3h3,Pabpc4l,Pacs2,Pantr1,Paqr3,Parp16,Parva,Parvb,Pawr,Pax2,Pax7,Pbx1,Pcdh15,Pcdh18,Pcgf2,Pcsk2os1,Pcsk5,Pcsk6,Pde2a,Pde4a,Pde4b,Pde5a,Pde9a,Pdgfa,Pdgfra,Pdia5,Pdk4,Pdzd7,Peg12,Peg3,Pex5l,Pgm5,Phactr1,Phldb1,Phyhipl,Piezo2,Pitx2,Pknox2,Plch1,Plch2,Plekha5,Plekha8,Plekhg1,Plekhg5,Plppr4,Plppr5,Plscr4,Plxna1,Plxna2,Pnck,Pnma2,Pou2f2,Pou6f1,Ppara,Ppfia3,Ppm1j,Ppp1r14a,Ppp1r9a,Prdm6,Prdm8,Prelid3a,Prickle1,Prickle2,Prima1,Prkag2,Prkg2,Prr18,Prrt4,Prrx2,Prtg,Psd2,Ptch2,Ptgfrn,Ptk7,Ptov1,Ptpn13,Ptpn14,Ptprd,Ptprn2,Ptprs,Pvalb,Pxdn,Pxylp1,Qpct,R3hdm4,Rab15,Rab27b,Rab34,Rac3,Rad51ap2,Ralgds,Ramp2,Rapgefl1,Raph1,Rasgef1b,Rasgef1c,Rasl11a,Rassf10,Rassf5,Rassf8,Rbfox3,Rbms1,Rbpms,Rcan2,Rcor2,Reck,Reps2,Rfx8,Rgl3,Rgs3,Rgs7,Rhoc,Rhou,Rhpn2,Ripk4,Ripply3,Rnd2,Rnd3,Rnf125,Rnf150,Rnf32,Ror1,Rora,Rprm,Rragd,Rreb1,Rtbdn,Rtkn,Rtl4,Rtn4r,Samd14,Scamp1,Schip1,Scn3b,Scn5a,Scn8a,Scube3,Sdk1,Sdk2,Selenon,Selenov,Sema3f,Sema4c,Sema5a,Sema6a,Septin5,Serp2,Serpine2,Serpinh1,Sertad4,Sez6,Sez6l,Sh2d3c,Sh2d4a,Sh3pxd2a,Sh3rf3,Shank2,Shisa2,Shisa3,Shisa7,Shisa9,Shisal1,Shroom1,Shroom2,Shroom3,Sirpa,Six3os1,Slc10a4,Slc24a4,Slc27a3,Slc2a12,Slc35d3,Slc35f4,Slc35g2,Slc41a3,Slc44a5,Slc4a3,Slc6a17,Slc7a10,Slit3,Smad1,Smad6,Smad9,Smim1,Sned1,Snhg18,Snph,Snta1,Sntb2,Sntg2,Snx16,Snx24,Soga1,Sorbs3,Sorcs1,Sorcs2,Sorcs3,Sox18,Sox7,Sp9,Spaca6,Spats2l,Specc1,Speg,Spint1,Spire1,Spire2,Spns2,Spock2,Sprn,Sptb,Sptbn1,Srcin1,Srsf12,St6gal2,St6galnac2,St8sia2,Stbd1,Steap1,Stk39,Stmn3,Ston2,Stox1,Stox2,Stx4a,Stxbp5l,Sv2c,Syn1,Syndig1l,Syne1,Syne2,Syngr3,Syt1,Syt12,Syt8,Tacc1,Tafa5,Tal2,Tbc1d12,Tbc1d4,Tbkbp1,Tbx18,Tcaf1,Tcea3,Tcf7l1,Tdrd7,Tead3,Tent5a,Tex19.1,Tfap2e,Tgm2,Thbs1,Thra,Thsd7a,Thsd7b,Tjp1,Tle2,Tmcc3,Tmeff1,Tmem117,Tmem121,Tmem145,Tmem151b,Tmem158,Tmem200c,Tmem215,Tmem246,Tmem30b,Tmem45b,Tmem74b,Tmod1,Tnfsf12,Tnfsfm13,Tns1,Tns2,Tns3,Tox,Tox3,Tpbg,Tpd52l1,Trim36,Trim62,Trnp1,Trpc1,Tshz3,Tspan12,Tspan18,Tspan4,Tspan7,Tspan9,Ttbk1,Ttc28,Ttyh1,Ttyh3,Tubb3,Tunar,Twist1,Ucn,Unc5d,Usp2,Vash2,Vegfc,Vgll3,Vil1,Vipr1,Vipr2,Vstm2a,Vstm4,Vwa5b2,Wasf3,Wdfy3,Wnk2,Wnt2b,Wnt4,Wnt7a,Wnt9a,Wtip,Wwc2,Xkr7,Xpr1,Yap1,Ypel1,Zbtb16,Zbtb42,Zbtb46,Zbtb7b,Zbtb7c,Zdhhc22,Zfhx2os,Zfhx3,Zfp385a,Zfp423,Zfp469,Zfp532,Zfp536,Zfp618,Zfp664,Zfp704,Zfp804a,Zic5
h-dna	any	Promoter (<=1kb)	cCRE & CTCF	78	4932441J04Rik,9430021M05Rik,Abcg8,Agrn,Arpp21,Clmn,Col12a1,Cplx2,Dab2ip,Dclk3,Dmrt3,Dnah11,Efna5,Ephb3,Fads6,Fgf12,Gm26691,Gm43517,Gm5577,Gpc6,Grip1,Grk3,Hapln2,Hmga2,Hoxa5,Hrk,Htr1b,Htr4,Igf2,Igfbp7,Iqsec3,Kalrn,Kcnc4,Kctd15,Kirrel,Lhx1,Lpl,Lrp1,Lysmd2,Map3k15,Map3k9,Mecom,Nol4l,Npas3,Nxph1,P4ha3,Pantr1,Parvb,Pcdh7,Pcdh9,Pcsk5,Pde1c,Pde4a,Pdzrn3,Phactr1,Pknox2,Plekha5,Plekha6,Plut,Prdm6,Prdm8,Rassf8,Rbms1,Rimbp2,Rnaseh2b,Rph3a,Sh3tc1,Shisal1,Sorcs3,Sstr2,Syndig1l,Tead3,Thsd7b,Tpm1,Vwa1,Zbtb7c,Zfhx3,Zic1
sidd	any	Promoter (<=1kb)	cCRE & CTCF	157	1700013F07Rik,4921507P07Rik,4930479H17Rik,6330420H09Rik,8030462N17Rik,9130017K11Rik,Adam11,Adgra1,Adgrb1,Ankrd45,Anks1,Arvcf,Asph,Atoh8,Baiap3,Bend6,Brinp3,Cacna1a,Casz1,Ccdc177,Ccno,Cdh6,Cldn1,Crnde,Csmd2,Dact2,Dapk1,Dip2c,Dipk2a,Dlx6os1,Edar,Efna5,Efnb1,Elovl4,Ephb1,Fam135b,Fgf13,Fnbp1l,Foxc1,Foxc2,Foxd3,Foxp1,Fst,Gad1,Ghr,Gm11767,Gm15816,Gm16140,Gm25268,Gm27275,Gm28523,Gm29417,Gm32569,Gm33926,Gm34730,Gm38577,Gm9885,Gnao1,Gnas,Gper1,Grik4,Grin1os,Hebp2,Hecw1,Hey2,Hoxb5os,Hr,Hrh1,Igf1r,Ildr2,Irx2,Jag2,Jakmip3,Kcnc1,Kcnc3,Kcnh1,Kcnmb4os2,Kcnn2,Klf4,Lemd1,Lims2,Lingo4,Lzts2,Magi1,Megf11,Mgat4b,Mir670hg,Misp3,Mn1,Mtnr1a,Nav1,Ncam1,Ndrg4,Nectin1,Neurog2,Nkd1,Nkx2-1,Nol4l,Nova1,Npas3,Nr2f2,Ntrk1,Ntrk3,Onecut2,Ooep,Ostm1,Otud7a,Pax7,Pcsk2,Pdzd7,Plekhh3,Pou2f2,Prkcz,Prodh,Ptger3,Ptprs,Rarb,Rbfox3,Rcor2,Rdh5,Reps2,Rph3a,Rspo3,Septin3,Sfrp1,Sh3bp4,Shank2,Shank3,Six1,Slc10a4l,Slitrk5,Slpi,Snx24,Sorbs3,Sox6,Sp9,Specc1,Spock2,Srcin1,Sspo,Syt8,Tbx1,Tbx3os1,Tc2n,Tcf20,Tekt4,Tmem178b,Tox,Trim47,Tspan12,Wnt5a,Wnt7b,Wnt9a,Zbtb16,Zbtb7b,Zfp423,Zfp521
z-dna	any	Promoter (<=1kb)	cCRE & CTCF	577	1200007C13Rik,1700016J18Rik,1700025G04Rik,2610316D01Rik,2810410L24Rik,2900026A02Rik,3632454L22Rik,4930478K11Rik,4930519K11Rik,5330417C22Rik,6030445D17Rik,6330403L08Rik,9130017K11Rik,9130213A22Rik,9530036O11Rik,A330040F15Rik,A730013G03Rik,A730035I17Rik,Aatk,Abcb4,Abi2,Acvr2b,Adamts1,Adamts19,Adamtsl5,Adcy6,Adcy7,Adcyap1r1,Adgrb2,Adgrl3,Adra2a,Adrb1,Afdn,Agap1,Ajap1,Akain1,Aldh1a2,Als2cl,Amotl1,Amph,Ank1,Ankrd6,Ankrd63,Antxr1,Apba1,Apcdd1,Apol7d,Aqp5,Arhgap39,Arhgef7,Arid3c,Arrb1,Arvcf,Asap1,Ascl1,Astn2,Asxl3,Atoh7,Atp2b3,Atp8a2,Auts2,BC067074,Barx2,Bcl11b,Bean1,Bend7,Bhlhe22,Bnc2,Boc,Bves,C130073E24Rik,C2cd4a,C530008M17Rik,Cacna2d1,Cacng3,Cadm4,Caln1,Caly,Camk2b,Camkk1,Ccdc30,Cckbr,Ccser1,Cdh1,Cdh22,Cdh23,Cdh4,Cdh6,Cdkn1c,Cds1,Cebpa,Celsr1,Cep131,Chadl,Chst7,Chst8,Chsy3,Ciz1,Clec2l,Clip4,Clmp,Clstn1,Clvs2,Cnih3,Cnksr2,Cntn1,Col27a1,Coro2b,Coro6,Cracr2b,Crim1,Csgalnact1,Csmd1,Cspg5,Ctbp2,Cux2,Cxcl3,Cyb561,Cyp1a1,D630045J12Rik,Dab2ip,Dapk1,Dbn1,Dbndd2,Ddhd1,Ddn,Degs2,Deptor,Dixdc1,Dlgap2,Dlgap4,Dlk2,Dmtn,Dnmbp,Doc2b,Dock1,Dock5,Dok7,Dpf1,Dpp6,Dpysl4,Dtx4,Dusp8,Ebf4,Ecel1,Efna3,Efna5,Efr3b,Elf2,Elfn1,Enah,Epb41l1,Epb41l4b,Ephb1,Ephb6,Ephx4,Esrrg,Etl4,Fam124a,Fam135a,Fam189a1,Fam189a2,Fam78a,Fam78b,Fam83f,Farp1,Fbxo27,Fermt2,Fgf18,Fgfr3,Fhdc1,Fibcd1,Fnbp1l,Fndc1,Foxc1,Foxo3,Foxo6,Foxp1,Foxp4,Fras1,Frat2,Frmd4b,Frmpd4,Fsd1l,Fut9,Gabra5,Gabrb1,Gabrb3,Gad1os,Galnt2,Gata2,Gbx1,Gdf10,Glis1,Glis3,Gm10549,Gm11650,Gm12827,Gm13889,Gm15155,Gm15222,Gm15418,Gm15612,Gm16076,Gm17182,Gm17634,Gm20646,Gm2102,Gm24368,Gm24420,Gm25239,Gm26796,Gm26833,Gm28050,Gm29491,Gm30731,Gm31105,Gm31881,Gm3294,Gm37844,Gm38708,Gm41361,Gm41804,Gm42064,Gm43517,Gm43566,Gm45091,Gm45102,Gm47163,Gm48893,Gm5602,Gm6277,Gm6420,Gm7276,Gm8983,Gm9229,Gm9884,Gpc6,Gpr149,Gpr156,Greb1,Grem2,Grid2,Grin1os,Grin2a,Grin2b,Grip1,Gsg1l,Gtf2ird1,Hbegf,Hcn1,Hcn2,Hcn4,Hecw2,Hey1,Hivep3,Hmga2,Homer3,Hoxd10,Hpcal1,Hrk,Hs3st3b1,Igf1r,Igfbp7,Igfbpl1,Igsf21,Il17d,Il18r1,Ildr2,Ina,Inafm2,Insyn1,Irs1,Isl1,Itga3,Jag2,Jakmip1,Jmy,Jph4,Kank1,Kazn,Kbtbd11,Kbtbd13,Kcnc1,Kcnc2,Kcnd3os,Kcng1,Kcng2,Kcnh1,Kcnh3,Kcnj6,Kcnmb4,Kcnn2,Kcnv1,Kctd15,Kdelr3,Khdrbs2,Kif17,Kif27,Laptm4b,Lemd1,Lmo1,Lonrf2,Lpar1,Lrfn2,Lrp3,Lrrc75a,Ltbp4,Lypd6,Lzts2,M5C1000I18Rik,Mamld1,Map2,Mapk12,Mapk8ip2,Marveld1,Mast4,Mcam,Mctp1,Mdga1,Mdga2,Mecom,Meis2,Meox2,Mfsd4a,Mfsd6l,Mir1905,Mir670hg,Mmp17,Mt3,Mtcl1,Mxi1,Mycl,Myod1,Myt1l,Nalcn,Nav2,Nckap5,Nectin1,Nectin3,Nedd4l,Nell2,Neurl1b,Neurog3,Nexmif,Nfib,Ngef,Ngf,Nhs,Nkain2,Nkain3,Nlgn2,Nlrp6,Nol4,Nol4l,Nos1ap,Nova1,Nox4,Npr1,Nptx2,Nr2f2,Nr3c2,Nrg1,Nrtn,Nrxn2,Nrxn3,Nsd1,Ntm,Ntn1,Ntrk1,Ntrk2,Nwd2,Nynrin,Oaf,Ociad2,Osbpl3,Osbpl6,Otud7a,Palm,Pantr1,Pcsk6,Pde10a,Pde4a,Pdgfc,Pdgfra,Pdzrn3,Peg3,Perp,Pgbd5,Phf10,Pkp4,Plcb4,Plch2,Plcl1,Plec,Plekha7,Plk5,Plppr1,Plxna2,Pm20d2,Pmp22,Pnck,Polrmt,Porcn,Ppm1e,Ppp1r14c,Ppp1r9a,Prdm6,Prdm8,Prickle1,Prkd1,Prrt4,Prrxl1,Prtg,Pth1r,Ptpn14,Ptpn5,Ptprd,Ptpre,Ptprk,Ptprm,Ptprs,Ptprz1,Rad51ap2,Radil,Rai2,Ralyl,Rapgef2,Raph1,Rasgef1c,Raver2,Rbfox1,Rbfox3,Rbms1,Rbpms,Reps2,Rhou,Rimbp2,Rnaseh2b,Rnf144b,Rnf150,Rnf165,Rnf217,Ror1,Rora,Rpp25,Rragd,Rreb1,Rundc3b,Ryr2,Ryr3,Sall4,Samd4,Samd5,Schip1,Scn3b,Scn8a,Scx,Sdk1,Sema6a,Sema6b,Septin3,Septin5,Serp2,Sertad4,Sgk1,Sgms2,Sh2d4a,Sh3rf3,She,Shisa6,Shisa9,Shroom3,Sirpa,Slc12a5,Slc16a14,Slc1a2,Slc24a4,Slc27a1,Slc2a12,Slc6a15,Slc8a1,Smad6,Sntb2,Sntg2,Snx24,Soga3,Sorcs1,Sorcs3,Sowahb,Sox4,Sp5,Sp9,Spaca6,Spats2l,Spint1,Spns2,Spock3,Spr-ps1,Spred1,Sprn,Spry1,Sptb,Sptbn2,Srcin1,Srgap1,St8sia1,St8sia3,Stk32c,Stk39,Stox1,Susd4,Sybu,Syngr3,Syt7,Tacc2,Tafa5,Tbx2,Tcf24,Tcf7l1,Tcfl5,Tcte2,Tdrkh,Tead1,Tead4,Tenm3,Tenm4,Tjp1,Tmeff1,Tmem158,Tmem178,Tmem196,Tmem30b,Tmod2,Tnfaip8l3,Tnfrsf11a,Tnrc18,Tnxb,Tox2,Tpm1,Traj43,Trank1,Trim71,Trpc3,Tsku,Tspan4,Tspan9,Ttc6,Ttyh1,Tunar,Ube2ql1,Unc5d,Uncx,Upp1,Vangl1,Vash1,Vegfc,Vps37d,Vwc2,Wfdc2,Wnt1,Wnt11,Wnt5a,Wnt7b,Wnt9b,Zbtb16,Zbtb42,Zbtb7c,Zfhx3,Zfp516,Zfp520-ps,Zfp521,Zfp536,Zfp704,Zfyve28,Zic1,Zswim5
g4	any	Promoter (<=1kb)	cCRE & LINE/LTR	18	1200007C13Rik,9430014N10Rik,Arhgef19,B230312C02Rik,Bmp7,Gck,Gm11100,Gm41253,Kcnk1,Mdga1,Mmp24,Nrg3,Rbpms,Rflna,Slc12a7,Ssc5d,Sulf1,Themis3
h-dna	any	Promoter (<=1kb)	cCRE & LINE/LTR	4	9430014N10Rik,AY512931,Celf4,Gm48299
sidd	any	Promoter (<=1kb)	cCRE & LINE/LTR	29	1700126H18Rik,2400006E01Rik,4931408C20Rik,5430401H09Rik,Agap1,Bbs1,Cacna1d,Elp4,Endou,Fam228a,Fbxo10,Fbxo34,Gm15666,Gm16758,Gm41043,Gm44561,Gm45409,Gm47435,Gm47518,Ifi27l2a,Il17d,Olfr16,Pde7a,Rnf220,Sult1c2,Trf,Tshz2,Zap70,Zfhx2os
z-dna	any	Promoter (<=1kb)	cCRE & LINE/LTR	10	Acaca,Asic1,B230312C02Rik,Celf4,Dlx5,Dock1,Gm7107,Lca5l,Nol4l,Slc6a9
g4	any	Promoter (<=1kb)	cCRE & LINE/LTR & CTCF	9	Dok5,Gm41804,Gm49890,Kcnn1,Mpp3,Nr2f2,Plxna4,Rhod,Rspo3
h-dna	any	Promoter (<=1kb)	cCRE & LINE/LTR & CTCF	3	Akain1,Gm28960,Lmo1
sidd	any	Promoter (<=1kb)	cCRE & LINE/LTR & CTCF	10	Col27a1,Gm13429,Gm19989,Gm39463,Gm7527,Lap3,Rgs17,Slit2,Snrk,Sytl2
z-dna	any	Promoter (<=1kb)	cCRE & LINE/LTR & CTCF	15	2700033N17Rik,Asic1,Bmp3,Gm49890,Gm6623,Il17d,Mgll,Plxna4,Ptpre,Rnf220,Spsb4,Syt13,Tns3,Zbtb39,Zfhx2os
